<?xml version="1.0" encoding="UTF-8"?>
<changesets>
<changeset node='a19b9dd21a29b063ee7bc0626d2fafeaf897fdfd' author='Hitesh Panchani' rev='994' date='1587460656.0-19800'><msg>Added script revision</msg><addedFile>bin/agent/check-mongo_v1.sh</addedFile><file>bin/agent/check-mongo_v1.sh</file><parents>991:d9ebcd46fe0b </parents></changeset>
<changeset node='ebef18105526a431d782e8507faacafd4b4b004b' author='Hitesh Panchani' rev='995' date='1590049394.0-19800'><msg>Fixed session conflict issue.</msg><file>.hgignore</file><file>rc-server/src/main/java/com/sigmastream/rc/WebServer.java</file><parents>993:d948fd69efe7 </parents></changeset>
<changeset node='9edd6b16ccaa8241774c01d975173b7821833a90' author='Hitesh Panchani' rev='996' date='1590049483.0-19800'><msg>Merge with production</msg><parents>995:ebef18105526 994:a19b9dd21a29 </parents></changeset>
</changesets>