<?xml version="1.0" encoding="UTF-8"?>
<changesets>
<changeset node='3ac083955edec4f7381ce946ea7341ba30404510' author='Milan' rev='13697' date='1616917604.0-19800'><msg>- Added UOM conversion in Publisher backfilling.</msg><file>yellowhammer/src/main/java/com/sigmastream/yh/jobs/data/backup/JobsPublisherDataBackupManager.java</file><parents></parents></changeset>
<changeset node='30e9f10a4f9a6fb259c044b3dd343c1b473589b2' author='Milan' rev='13698' date='1616923643.0-19800'><msg>- Fixed Depth series index channel uom conversion.</msg><file>yellowhammer/src/main/java/com/sigmastream/yh/jobs/data/backup/JobsPublisherDataBackupManager.java</file><parents></parents></changeset>
<changeset node='ecd16f92553b7d2f83a0f25792004c4f2455be12' author='Milan' rev='13699' date='1616927600.0-19800'><msg>- Fixed Publisher active status issue.</msg><file>yellowhammer-rest/src/main/java/com/sigmastream/yh/core/actions/subscription/AddSubscription.java</file><parents></parents></changeset>
</changesets>