<?xml version="1.0" encoding="UTF-8"?>
<changesets>
<changeset node='f2ca711186d2659aad57831526a905ae7bd5f1b7' author='Parth' rev='885' date='1587656451.0-19800'><msg>Add support of WELL OE correction using thrashold values.</msg><addedFile>bluecardinal-core/src/main/java/com/sigmastream/pr/common/BCWellOECorrectionNew.java</addedFile><file>bluecardinal-core/src/main/java/com/sigmastream/pr/common/BCWellOECorrection.java</file><file>bluecardinal-core/src/main/java/com/sigmastream/pr/common/BCWellOECorrectionNew.java</file><file>bluecardinal-core/src/main/java/com/sigmastream/pr/processor/oes/BasicEventP.java</file><file>bluecardinal-core/src/main/java/com/sigmastream/pr/processor/oes/ComplexEventP.java</file><parents></parents></changeset>
<changeset node='c77f9fbe1b238d0898e0b26d6d7f8bdc15dcca4f' author='Parth' rev='969' date='1587718975.0-19800'><msg>Seprate configuration of OE correction thrashold values in Operator configuration file.</msg><file>bluecardinal-core/src/main/java/com/sigmastream/pr/common/BCConstants.java</file><file>bluecardinal-core/src/main/java/com/sigmastream/pr/common/BCSources.java</file><file>bluecardinal-core/src/main/java/com/sigmastream/pr/common/BCWellOECorrectionNew.java</file><file>bluecardinal-core/src/main/java/com/sigmastream/pr/operator/oes/WellOperationalPipeline.java</file><file>bluecardinal-core/src/main/java/com/sigmastream/pr/processor/oes/BasicEventP.java</file><file>bluecardinal-core/src/main/java/com/sigmastream/pr/processor/oes/ComplexEventP.java</file><file>bluecardinal-engine/config/csv-operator-well-operational-L3-06.config</file><parents>885:f2ca711186d2 </parents></changeset>
<changeset node='75025dfb7ea6200d680619bd0acc94493ff9c7c9' author='Parth' rev='970' date='1587723047.0-19800'><msg>Fix the null pointer issue while event is no data available in small OE correction.</msg><file>bluecardinal-core/src/main/java/com/sigmastream/pr/common/BCSmallOECorrectionNew.java</file><parents></parents></changeset>
<changeset node='17673ec907a27057e3a572c55f7a0fecc11e67f1' author='Parth' rev='971' date='1587994481.0-19800'><msg>Add event correction code of pumpIn,rotatingIn and reaming.</msg><file>bluecardinal-core/src/main/java/com/sigmastream/pr/common/BCWellOECorrectionNew.java</file><parents></parents></changeset>
<changeset node='664578431521876261d8f547edba34e8a27270f7' author='Parth' rev='972' date='1588136818.0-19800'><msg>Fix the wrong condition for OE corrections.</msg><file>bluecardinal-core/src/main/java/com/sigmastream/pr/common/BCWellOECorrectionNew.java</file><parents></parents></changeset>
<changeset node='4b23b6543a135786f67d280d376634c1b3c1f42b' author='Parth' rev='973' date='1588169831.0-19800'><msg>Refactore the well OE proccess to fix the issue of event detection at below thrashold value.</msg><file>bluecardinal-core/src/main/java/com/sigmastream/pr/common/BCWellOECorrectionNew.java</file><parents></parents></changeset>
<changeset node='9a2f768f95683f3f9e16ec661613766c2e1d70ce' author='Parth' rev='974' date='1588390259.0-19800'><msg>Add temp payload support for handling the current event not to stream with delayed payload.</msg><file>bluecardinal-core/src/main/java/com/sigmastream/pr/common/BCWellOECorrectionNew.java</file><parents></parents></changeset>
<changeset node='f6522da7d2dd0a1c87bff9369e3f3eede3692adc' author='Parth' rev='975' date='1588687943.0-19800'><msg>Refactore the conditions in OE correction process.
Fix the issue of backdated timestamp in output CSV.
Fix the issue of default flowin threshold is not set properly in OE correction process.
Refactor the OE correction configuration.</msg><file>bluecardinal-core/src/main/java/com/sigmastream/pr/common/BCWellOECorrectionNew.java</file><file>bluecardinal-core/src/main/java/com/sigmastream/pr/processor/oes/AbnormalConnectionDetectionP.java</file><file>bluecardinal-engine/config/csv-operator-well-operational-L3-06.config</file><parents></parents></changeset>
<changeset node='a77f594311c0383743df7b0d5e9f313d77efd29d' author='Parth' rev='976' date='1588775732.0-19800'><msg>Fix the issue of wrong inslip and stationary detected due to wrong conditions and it causes the other wrong events streaming.</msg><file>bluecardinal-core/src/main/java/com/sigmastream/pr/processor/oes/AbnormalConnectionDetectionP.java</file><parents></parents></changeset>
<changeset node='e8eaec38fae33eba0e5d8bf419aaffe72fa35ed0' author='Parth' rev='977' date='1589082316.0-19800'><msg>Refactore the code of Well OE coorection process for change the threshold values as per the discussion.
Fix the issue of Inslip detected instead of tripIn event due to abnormal connection detection condition.
Fix the issue of delayed payload stream from the abnormalconnection process.</msg><file>bluecardinal-core/src/main/java/com/sigmastream/pr/common/BCWellOECorrectionNew.java</file><file>bluecardinal-core/src/main/java/com/sigmastream/pr/common/YhChannelConfig.java</file><file>bluecardinal-core/src/main/java/com/sigmastream/pr/processor/oes/AbnormalConnectionDetectionP.java</file><file>bluecardinal-engine/config/csv-operator-well-operational-L3-06.config</file><parents></parents></changeset>
<changeset node='8e2550ed4e430a0552a69012479ae999ff70da03' author='Parth' rev='978' date='1589210108.0-19800'><msg>Refactore the Well OE process.</msg><file>bluecardinal-core/src/main/java/com/sigmastream/pr/common/BCWellOECorrectionNew.java</file><parents></parents></changeset>
<changeset node='f59fa88dfc2b837fc2a8ce43700a4742b31c2225' author='Parth' rev='979' date='1589296788.0-19800'><msg>Fix the issue of event missing in well OE correction process.
Fix the issue of backdated event streams from abnormal connections.</msg><file>bluecardinal-core/src/main/java/com/sigmastream/pr/common/BCWellOECorrectionNew.java</file><file>bluecardinal-core/src/main/java/com/sigmastream/pr/processor/oes/AbnormalConnectionDetectionP.java</file><parents></parents></changeset>
<changeset node='4eb482269720d1ee469944c484ea80941b8a3408' author='Parth' rev='980' date='1589439402.0-19800'><msg>-Fix the issue of small tripin detected due to unknown event.</msg><file>bluecardinal-core/src/main/java/com/sigmastream/pr/common/BCWellOECorrectionNew.java</file><parents></parents></changeset>
<changeset node='3d1a6f5cd19b9bd041935aa5384e28012ef092d3' author='Parth' rev='981' date='1589457542.0-19800'><msg>Fix the issue of Out of hole event is added into the delayed payload list so that it may be possible to the GC overhead if OOH event continue long.</msg><file>.hgignore</file><file>bluecardinal-core/pom.xml</file><file>bluecardinal-core/src/main/java/com/sigmastream/main/Main.java</file><file>bluecardinal-core/src/main/java/com/sigmastream/pr/processor/oes/AbnormalConnectionDetectionP.java</file><file>bluecardinal-core/src/main/resources/log4j.properties</file><file>bluecardinal-engine/bin/common.bat</file><file>bluecardinal-engine/bin/start-jetserver-with-operators.bat</file><file>bluecardinal-engine/config/csv-operator-well-operational-L3-06.config</file><parents></parents></changeset>
<changeset node='f2ded430ebc113a6f32764d1088e29032d93e3b8' author='Parth' rev='982' date='1589457774.0-19800'><msg>Revert back the unnecessary changes.</msg><file>bluecardinal-core/pom.xml</file><file>bluecardinal-engine/bin/start-jetserver-with-operators.bat</file><file>bluecardinal-engine/config/csv-operator-well-operational-L3-06.config</file><parents></parents></changeset>
<changeset node='bd684d06df63f75fe98c9583b8d131400001ba5f' author='Parth' rev='983' date='1589627595.0-19800'><msg>Fix the issue of memory leakage due to long inslip.</msg><file>bluecardinal-core/src/main/java/com/sigmastream/pr/processor/oes/AbnormalConnectionDetectionP.java</file><parents></parents></changeset>
<changeset node='482fcfa318d45750a6d4919b6d960d33e76dab75' author='Parth' rev='984' date='1589725340.0-19800'><msg>Fix the issue of memory leakage while add condition that abnormal connection is not greater than 30 mins.</msg><file>bluecardinal-core/src/main/java/com/sigmastream/pr/processor/oes/AbnormalConnectionDetectionP.java</file><parents></parents></changeset>
<changeset node='e23bac9ec6454da1a56c250a8d0081ec3467e1d4' author='Parth' rev='985' date='1589986607.0-19800'><msg>Fix the issue of wrong Inslip events.
fix the issue of wrong unknown events.
Fix the issue of late tripout detection.</msg><file>bluecardinal-core/src/main/java/com/sigmastream/pr/common/BCWellOECorrectionNew.java</file><file>bluecardinal-core/src/main/java/com/sigmastream/pr/processor/oes/DelayedDecisionP.java</file><parents></parents></changeset>
<changeset node='22c48541302c874ff7c7dcb467366e5e1a20953e' author='Parth' rev='986' date='1590075618.0-19800'><msg>-Fix the issue of wrong inslip instead of at surface event in paso well.
-Fix the issue of Drilling is not detected and drilling converted into any In event.</msg><file>bluecardinal-core/src/main/java/com/sigmastream/pr/common/BCWellOECorrectionNew.java</file><file>bluecardinal-core/src/main/java/com/sigmastream/pr/processor/oes/DelayedDecisionP.java</file><parents></parents></changeset>
<changeset node='d63c5af588cfc55f803328ddd2a990cb9c5db884' author='Parth' rev='987' date='1590216175.0-19800'><msg>Check the condition to contain the key if map containg bitdepth state.</msg><file>bluecardinal-core/src/main/java/com/sigmastream/pr/processor/oes/UnknownEventCorrectionP.java</file><parents></parents></changeset>
<changeset node='46dfd4d97cf78382b4cd43d4af01b60062338f23' author='Parth' rev='988' date='1590247025.0-19800'><msg>Fix the issue of stand count is not calculated properly while tripout started.
Fix the issue of wrong cementing MOE detected instead of drilling MOE.</msg><file>bluecardinal-core/src/main/java/com/sigmastream/pr/common/BCWellOECorrectionNew.java</file><file>bluecardinal-core/src/main/java/com/sigmastream/pr/processor/oes/DelayedDecisionP.java</file><file>bluecardinal-core/src/main/java/com/sigmastream/pr/processor/oes/StandCalculationP.java</file><file>bluecardinal-core/src/main/java/com/sigmastream/pr/processor/oes/TripDetectorP.java</file><parents></parents></changeset>
<changeset node='9e3d3768da023bb6b56dad154988dcb5187a24b2' author='Parth' rev='989' date='1590405949.0-19800'><msg>Fix the MOE of wrong drilling or tripin event after confirming the cementing event.
Fix the issue of detecting early drilling event.</msg><file>bluecardinal-core/src/main/java/com/sigmastream/pr/common/BCWellOECorrectionNew.java</file><file>bluecardinal-core/src/main/java/com/sigmastream/pr/processor/oes/TripDetectorP.java</file><parents></parents></changeset>
<changeset node='e08b2f2d86a8a1dd43822367bab5fb1269265554' author='Parth' rev='990' date='1590585426.0-19800'><msg>Fix the issue of wrong tripout event detected while cementing is running.
Fix the issue of wrong stationary MOE instead of conditioning.</msg><file>bluecardinal-core/src/main/java/com/sigmastream/pr/processor/oes/TripDetectorP.java</file><parents></parents></changeset>
<changeset node='21ba5677537f9ef3583f7a5a64ba6da96a7c2aed' author='Parth' rev='991' date='1590676181.0-19800'><msg>Add support of restrict the at surface MOE where bitdepth is less than bitdepth cutoff level.</msg><file>bluecardinal-core/src/main/java/com/sigmastream/pr/common/BCSources.java</file><file>bluecardinal-core/src/main/java/com/sigmastream/pr/operator/oes/WellOperationalPipeline.java</file><file>bluecardinal-core/src/main/java/com/sigmastream/pr/processor/oes/MOEDebugOperator.java</file><file>bluecardinal-core/src/main/java/com/sigmastream/pr/processor/oes/TripDetectorP.java</file><parents></parents></changeset>
<changeset node='8bdf507b41f7f5a65b5a727b80769c7d96303257' author='Parth' rev='992' date='1590676314.0-19800'><msg>Fix the issue of liner run endtime is wrong due to bitdepth jerk and again start reaming and backreaming OE.</msg><file>bluecardinal-core/src/main/java/com/sigmastream/pr/processor/oes/TripDetectorP.java</file><parents></parents></changeset>
<changeset node='a6751de8719dc91d42c09620885c2b1db18a7809' author='Parth' rev='993' date='1591020654.0-19800'><msg>Fix the issue of null value set in prevatsurface depth so there is not detected next at surface event and it will also reflect in MOE.</msg><file>bluecardinal-core/src/main/java/com/sigmastream/pr/processor/oes/DelayedDecisionP.java</file><parents></parents></changeset>
<changeset node='d2ff3ffcd020d6e66c8f60b7fc1939db06dfc394' author='Parth' rev='994' date='1591108824.0-19800'><msg>Fix the issue of staionary event detected early due to probable stationary MOE is not clear after tripout detected.</msg><file>bluecardinal-core/src/main/java/com/sigmastream/pr/processor/oes/TripDetectorP.java</file><parents></parents></changeset>
<changeset node='17a6ea38c974d6aa2306c3736e4c54bab5225f66' author='Parth' rev='995' date='1591370989.0-19800'><msg>Fix the issue of cementing MOE is detected early.</msg><file>bluecardinal-core/src/main/java/com/sigmastream/pr/processor/oes/TripDetectorP.java</file><parents></parents></changeset>
<changeset node='936024fc7897425980869d9581e8acf17194195a' author='Parth' rev='996' date='1591455961.0-19800'><msg>Fix the issue of small staionary MOE followed by OOH MOE.</msg><file>bluecardinal-core/src/main/java/com/sigmastream/pr/processor/oes/TripDetectorP.java</file><parents></parents></changeset>
<changeset node='6bcb7670c90ccae23bbf153c246c5265942ef508' author='Parth' rev='997' date='1591772616.0-19800'><msg>Fix the issue of wrong staionary MOE instead of tripIn MOE.
--Clear the delayed payloads while any in/out OE detected at high hookload.</msg><file>bluecardinal-core/src/main/java/com/sigmastream/pr/processor/oes/AbnormalConnectionDetectionP.java</file><parents></parents></changeset>
<changeset node='dfefd4019d667c2198fec838edfc2698e0e31ca4' author='Parth' rev='998' date='1591976139.0-19800'><msg>Fix the issue of tripIn MOE not detected.
Fix the issue of cementing MOE is not detected due to wrong depth jump detected.</msg><file>bluecardinal-core/src/main/java/com/sigmastream/pr/processor/oes/TripDetectorP.java</file><parents></parents></changeset>
<changeset node='c1d46c938a8b02f5c8bf41f9c49906c5d5fb2529' author='Parth' rev='999' date='1592223445.0-19800'><msg>Add support of Bit_Depth correction event based on holedepth and bitdepth jump.</msg><file>bluecardinal-core/src/main/java/com/sigmastream/pr/common/BCWellOECorrectionNew.java</file><file>bluecardinal-core/src/main/java/com/sigmastream/pr/common/OperationalEvents.java</file><parents></parents></changeset>
<changeset node='51eed708907550a02d97ff1cbc101b8498766ea0' author='Parth' rev='1000' date='1592223559.0-19800'><msg>Fix the issue of wronge tripin and tripout instead of stationary OE.</msg><file>bluecardinal-core/src/main/java/com/sigmastream/pr/common/BCWellOECorrectionNew.java</file><parents></parents></changeset>
<changeset node='c5a0b623e598208c12649e36ccd0b32c10cd8b3c' author='Parth' rev='1001' date='1592309657.0-19800'><msg>Handle the tripout stand right after the drilling completed.</msg><file>bluecardinal-core/src/main/java/com/sigmastream/pr/processor/oes/StandCalculationP.java</file><parents></parents></changeset>
<changeset node='ebf3568d9e97207338e29abe543f40d26e360e76' author='Parth' rev='1002' date='1592839175.0-19800'><msg>Fix the issue of multiple stand detected in single stand in PBU well.
Fix the issue of connection events is not proper in sync in Connection output file.</msg><file>bluecardinal-core/src/main/java/com/sigmastream/pr/processor/oes/ConnectionDetectorP.java</file><parents></parents></changeset>
<changeset node='98a21064ccf4f4ff342f8bfedf493a555b2f2cbb' author='Milan' rev='1003' date='1593052427.0-19800'><msg>- Fixed rule engine not evaluating negativeresult.</msg><file>bluecardinal-core/src/main/java/com/sigmastream/bc/dataquality/RuleEngine.java</file><parents>968:e1ca6ed385b0 </parents></changeset>
<changeset node='a6627b20228b9134fe417dba5f26bfc1331b20f1' author='Milan' rev='1004' date='1593052452.0-19800'><msg>Merge with T8126-DataQualityRefactor</msg><parents>968:e1ca6ed385b0 1003:98a21064ccf4 </parents></changeset>
<changeset node='147620e012e870890b68766af068b4954d52d7a4' author='Milan' rev='1005' date='1593260786.0-19800'><msg>- Remove DataQualityOperator
- Rename QualityOperator to DataQualityOperator.
- Remove DataQualityP</msg><deletedFile>bluecardinal-core/src/main/java/com/sigmastream/pr/operator/QualityOperator.java</deletedFile><deletedFile>bluecardinal-core/src/main/java/com/sigmastream/pr/processor/DataQualityP.java</deletedFile><file>bluecardinal-core/src/main/java/com/sigmastream/pr/operator/DataQualityOperator.java</file><file>bluecardinal-core/src/main/java/com/sigmastream/pr/operator/QualityOperator.java</file><file>bluecardinal-core/src/main/java/com/sigmastream/pr/processor/DataQualityP.java</file><parents></parents></changeset>
<changeset node='2be534e9747239a16b364a71d28b3ef53f3a5cf7' author='Milan' rev='1006' date='1593261084.0-19800'><msg>- code refactore
- QualityOperator rename to DataQualityOperator.
- Added missing channel isCountGood
- Added isPricisionScoreGood Channel implementation.
- Added isStaleDataScoreGood Channel implementation
- Added deviceQualityGood and wellQualityGood config param.
- Refactore isCountGood logic.
- Fixed well change DataRestore into wrong well.</msg><file>bluecardinal-core/src/main/java/com/sigmastream/bc/dataquality/ChannelQualityMonitor.java</file><file>bluecardinal-core/src/main/java/com/sigmastream/bc/dataquality/ChannelStatastics.java</file><file>bluecardinal-core/src/main/java/com/sigmastream/bc/dataquality/DeviceQualityMonitor.java</file><file>bluecardinal-core/src/main/java/com/sigmastream/bc/dataquality/DeviceStatistics.java</file><file>bluecardinal-core/src/main/java/com/sigmastream/bc/dataquality/WellQualityMonitor.java</file><file>bluecardinal-core/src/main/java/com/sigmastream/bc/dataquality/WellStatistics.java</file><file>bluecardinal-core/src/main/java/com/sigmastream/bc/jobs/ProcessorState.java</file><file>bluecardinal-core/src/main/java/com/sigmastream/pr/common/BCDataQualityAspect.java</file><file>bluecardinal-core/src/main/java/com/sigmastream/pr/common/BCOperators.java</file><file>bluecardinal-core/src/main/java/com/sigmastream/pr/common/BCSources.java</file><file>bluecardinal-core/src/main/java/com/sigmastream/pr/processor/ChannelQualityP.java</file><file>bluecardinal-core/src/main/java/com/sigmastream/pr/processor/StatisticsDataQualityP.java</file><parents></parents></changeset>
<changeset node='577c29d16dd080432e8b9bad2bcee6d515338f18' author='Milan' rev='1007' date='1593261166.0-19800'><msg>- config update</msg><file>bluecardinal-engine/config/operator-dataquality.config</file><parents></parents></changeset>
<changeset node='df91752218e584aec32d9de94624155f1c786912' author='Milan' rev='1008' date='1593261187.0-19800'><msg>Merge with T8126-DataQualityRefactor</msg><deletedFile>bluecardinal-core/src/main/java/com/sigmastream/pr/operator/QualityOperator.java</deletedFile><deletedFile>bluecardinal-core/src/main/java/com/sigmastream/pr/processor/DataQualityP.java</deletedFile><file>bluecardinal-core/src/main/java/com/sigmastream/pr/operator/QualityOperator.java</file><file>bluecardinal-core/src/main/java/com/sigmastream/pr/processor/DataQualityP.java</file><parents>1004:a6627b20228b 1007:577c29d16dd0 </parents></changeset>
<changeset node='b67fee6944e37f02df3e85e3d581567568ebcce3' author='Milan' rev='1009' date='1593357998.0-19800'><msg>B8176 Statistic does not calculated properly when RAW data contain -999.25 value</msg><file>bluecardinal-core/src/main/java/com/sigmastream/bc/dataquality/ChannelQualityMonitor.java</file><parents></parents></changeset>
<changeset node='529f213063b6f2b465700e6276f46c8cc4554dc3' author='Milan' rev='1010' date='1593358022.0-19800'><msg>Merge with B8176-WrongStatisticsOnNullValue</msg><parents>1008:df91752218e5 1009:b67fee6944e3 </parents></changeset>
<changeset node='d3d8c4407c68e0f0b5e236134fa0938aac2b3501' author='Milan' rev='1011' date='1593435368.0-19800'><msg>Fixed Getting RuleEngine exception when config file condition contains &lt;=, =&gt;, != and = -999.25</msg><file>bluecardinal-core/src/main/java/com/sigmastream/bc/dataquality/RuleEngine.java</file><parents></parents></changeset>
<changeset node='5f3a29d045533b60651f1eb971690c77d42909a6' author='Milan' rev='1012' date='1593435390.0-19800'><msg>Merge with B8309-RuleEngine</msg><parents>1010:529f213063b6 1011:d3d8c4407c68 </parents></changeset>
<changeset node='1c9c2cf83cbebf60fc5cb3c8fdb8dd974d0172dc' author='Milan' rev='1013' date='1593437640.0-19800'><msg>- Fixed -ive value evaluation exception</msg><file>bluecardinal-core/src/main/java/com/sigmastream/bc/dataquality/RuleEngine.java</file><parents></parents></changeset>
<changeset node='e5bd5c91c490a575119da921dece22c28b832c18' author='Milan' rev='1014' date='1593437655.0-19800'><msg>Merge with B8309-RuleEngine</msg><parents>1012:5f3a29d04553 1013:1c9c2cf83cbe </parents></changeset>
<changeset node='547638d48d550954c853c5515c0259a77e9c883e' author='Parth' rev='1015' date='1593439402.0-19800'><msg>Fix the issue of casing and cementing MOE not detecting properly due to bitdepth jerk is not detecting.</msg><file>bluecardinal-core/src/main/java/com/sigmastream/pr/processor/oes/TripDetectorP.java</file><parents>1002:ebf3568d9e97 </parents></changeset>
<changeset node='2a320f32ef5a718d8e4b4a70d5fafcd6549e7aea' author='Milan' rev='1016' date='1593507162.0-19800'><msg>B8380 - Disabling aspects for specific channel reduce overall aswi score at device level</msg><file>bluecardinal-core/src/main/java/com/sigmastream/bc/dataquality/ChannelQualityMonitor.java</file><file>bluecardinal-core/src/main/java/com/sigmastream/bc/dataquality/ChannelStatastics.java</file><file>bluecardinal-core/src/main/java/com/sigmastream/bc/dataquality/DeviceQualityMonitor.java</file><file>bluecardinal-core/src/main/java/com/sigmastream/bc/dataquality/DeviceStatistics.java</file><file>bluecardinal-core/src/main/java/com/sigmastream/pr/processor/ChannelQualityP.java</file><parents>1014:e5bd5c91c490 </parents></changeset>
<changeset node='a8471e73063ca735a39ccbab3859eb3886ee8f13' author='Milan' rev='1017' date='1593507190.0-19800'><msg>Merge with B8308-DeviceDataQuality</msg><parents>1014:e5bd5c91c490 1016:2a320f32ef5a </parents></changeset>
<changeset node='4336fa13cc1cac916a76cc785b5768d2deae0c3d' author='Milan' rev='1018' date='1593524145.0-19800'><msg>- Import optimized.
- channelsAswiScore fixed</msg><file>bluecardinal-core/src/main/java/com/sigmastream/bc/dataquality/DeviceStatistics.java</file><file>bluecardinal-core/src/main/java/com/sigmastream/pr/processor/ChannelQualityP.java</file><file>bluecardinal-core/src/main/java/com/sigmastream/pr/processor/DeviceQualityP.java</file><file>bluecardinal-core/src/main/java/com/sigmastream/pr/processor/WellQualityP.java</file><parents></parents></changeset>
<changeset node='88c1a9ee831340d569829fa330f013287970e75d' author='Milan' rev='1019' date='1593524164.0-19800'><msg>Merge with B8308-DeviceDataQuality</msg><parents>1017:a8471e73063c 1018:4336fa13cc1c </parents></changeset>
<changeset node='8e86b2cb8f1b1705413bb29f17614f836f7d694f' author='Milan' rev='1020' date='1593541870.0-19800'><msg>- Fixed wellchange issue at Device level.</msg><file>bluecardinal-core/src/main/java/com/sigmastream/bc/dataquality/ChannelStatastics.java</file><file>bluecardinal-core/src/main/java/com/sigmastream/bc/dataquality/DeviceStatistics.java</file><file>bluecardinal-core/src/main/java/com/sigmastream/pr/yh/source/EventWSocketClientSource.java</file><parents></parents></changeset>
<changeset node='106b7b45b1e2cd4fa72e90bc69b026ac5c5b0003' author='Milan' rev='1021' date='1593589911.0-19800'><msg>Merge with Production-Branch</msg><deletedFile>bluecardinal-core/setup.bat</deletedFile><deletedFile>bluecardinal-core/setup.sh</deletedFile><deletedFile>bluecardinal-core/src/main/java/com/sigmastream/pr/processor/DataQualityP.java</deletedFile><deletedFile>bluecardinal-engine/bin/common.sh</deletedFile><deletedFile>bluecardinal-engine/bin/cpappend.bat</deletedFile><deletedFile>bluecardinal-engine/bin/start-bc-engine.bat</deletedFile><deletedFile>bluecardinal-engine/bin/start-bc-engine.sh</deletedFile><deletedFile>bluecardinal-engine/bin/start-jetserver-with-operators.sh</deletedFile><deletedFile>bluecardinal-engine/bin/start-yh-operator.bat</deletedFile><deletedFile>bluecardinal-engine/bin/start-yh-operator.sh</deletedFile><deletedFile>bluecardinal-engine/bin/stop-jet.sh</deletedFile><deletedFile>bluecardinal-engine/config/bluecardinal-client.xml</deletedFile><deletedFile>bluecardinal-engine/config/bluecardinal-engine-full-config.xml</deletedFile><deletedFile>bluecardinal-engine/config/bluecardinal-engine.xml</deletedFile><deletedFile>bluecardinal-engine/config/bluecardinal.xml</deletedFile><deletedFile>bluecardinal-engine/config/config.properties</deletedFile><deletedFile>bluecardinal-engine/config/operator-SSIndicator.config</deletedFile><deletedFile>bluecardinal-engine/config/operator-back-reaming.config</deletedFile><deletedFile>bluecardinal-engine/config/operator-circulate.config</deletedFile><deletedFile>bluecardinal-engine/config/operator-drilling-rotary.config</deletedFile><deletedFile>bluecardinal-engine/config/operator-friction-test.config</deletedFile><deletedFile>bluecardinal-engine/config/operator-inslips.config</deletedFile><deletedFile>bluecardinal-engine/config/operator-onoff-bottom.config</deletedFile><deletedFile>bluecardinal-engine/config/operator-pump-in.config</deletedFile><deletedFile>bluecardinal-engine/config/operator-pump-out.config</deletedFile><deletedFile>bluecardinal-engine/config/operator-reaming.config</deletedFile><deletedFile>bluecardinal-engine/config/operator-rotate-circulate.config</deletedFile><deletedFile>bluecardinal-engine/config/operator-rotating-in.config</deletedFile><deletedFile>bluecardinal-engine/config/operator-rotating-out.config</deletedFile><deletedFile>bluecardinal-engine/config/operator-rotating.config</deletedFile><deletedFile>bluecardinal-engine/config/operator-slide-drilling.config</deletedFile><deletedFile>bluecardinal-engine/config/operator-stationary.config</deletedFile><deletedFile>bluecardinal-engine/config/operator-trip-in.config</deletedFile><deletedFile>bluecardinal-engine/config/operator-trip-out.config</deletedFile><deletedFile>bluecardinal-engine/config/operator-well-oe.config</deletedFile><deletedFile>bluecardinal-engine/config/operator-well-operational.config</deletedFile><deletedFile>bluecardinal-engine/config/time-accumulator.config</deletedFile><deletedFile>bluecardinal-engine/config/yh-operators-sink.config</deletedFile><deletedFile>bluecardinal-engine/config/yh-source.config</deletedFile><deletedFile>bluecardinal-engine/config/yh-well-oe-sink.config</deletedFile><file>.hgignore</file><file>bluecardinal-core/pom.xml</file><file>bluecardinal-core/setup.bat</file><file>bluecardinal-core/setup.sh</file><file>bluecardinal-core/src/main/java/com/sigmastream/main/Main.java</file><file>bluecardinal-core/src/main/java/com/sigmastream/pr/common/BCConstants.java</file><file>bluecardinal-core/src/main/java/com/sigmastream/pr/common/BCSources.java</file><file>bluecardinal-core/src/main/java/com/sigmastream/pr/common/OperationalEvents.java</file><file>bluecardinal-core/src/main/java/com/sigmastream/pr/common/YhChannelConfig.java</file><file>bluecardinal-core/src/main/java/com/sigmastream/pr/operator/oes/WellOperationalPipeline.java</file><file>bluecardinal-core/src/main/java/com/sigmastream/pr/processor/DataQualityP.java</file><file>bluecardinal-core/src/main/java/com/sigmastream/pr/processor/oes/BasicEventP.java</file><file>bluecardinal-core/src/main/java/com/sigmastream/pr/processor/oes/ConnectionDetectorP.java</file><file>bluecardinal-core/src/main/java/com/sigmastream/pr/processor/oes/DelayedDecisionP.java</file><file>bluecardinal-core/src/main/java/com/sigmastream/pr/processor/oes/StandCalculationP.java</file><file>bluecardinal-core/src/main/resources/log4j.properties</file><file>bluecardinal-engine/bin/common.sh</file><file>bluecardinal-engine/bin/cpappend.bat</file><file>bluecardinal-engine/bin/start-bc-engine.bat</file><file>bluecardinal-engine/bin/start-bc-engine.sh</file><file>bluecardinal-engine/bin/start-jetserver-with-operators.sh</file><file>bluecardinal-engine/bin/start-yh-operator.bat</file><file>bluecardinal-engine/bin/start-yh-operator.sh</file><file>bluecardinal-engine/bin/stop-jet.sh</file><file>bluecardinal-engine/config/bluecardinal-client.xml</file><file>bluecardinal-engine/config/bluecardinal-engine-full-config.xml</file><file>bluecardinal-engine/config/bluecardinal-engine.xml</file><file>bluecardinal-engine/config/bluecardinal.xml</file><file>bluecardinal-engine/config/config.properties</file><file>bluecardinal-engine/config/operator-SSIndicator.config</file><file>bluecardinal-engine/config/operator-back-reaming.config</file><file>bluecardinal-engine/config/operator-circulate.config</file><file>bluecardinal-engine/config/operator-dataquality.config</file><file>bluecardinal-engine/config/operator-drilling-rotary.config</file><file>bluecardinal-engine/config/operator-friction-test.config</file><file>bluecardinal-engine/config/operator-inslips.config</file><file>bluecardinal-engine/config/operator-onoff-bottom.config</file><file>bluecardinal-engine/config/operator-pump-in.config</file><file>bluecardinal-engine/config/operator-pump-out.config</file><file>bluecardinal-engine/config/operator-reaming.config</file><file>bluecardinal-engine/config/operator-rotate-circulate.config</file><file>bluecardinal-engine/config/operator-rotating-in.config</file><file>bluecardinal-engine/config/operator-rotating-out.config</file><file>bluecardinal-engine/config/operator-rotating.config</file><file>bluecardinal-engine/config/operator-slide-drilling.config</file><file>bluecardinal-engine/config/operator-stationary.config</file><file>bluecardinal-engine/config/operator-trip-in.config</file><file>bluecardinal-engine/config/operator-trip-out.config</file><file>bluecardinal-engine/config/operator-well-oe.config</file><file>bluecardinal-engine/config/operator-well-operational.config</file><file>bluecardinal-engine/config/time-accumulator.config</file><file>bluecardinal-engine/config/yh-operators-sink.config</file><file>bluecardinal-engine/config/yh-source.config</file><file>bluecardinal-engine/config/yh-well-oe-sink.config</file><parents>1015:547638d48d55 1020:8e86b2cb8f1b </parents></changeset>
<changeset node='b4b294422ef15154f01e95b542c40225e8878365' author='Milan' rev='1022' date='1593589936.0-19800'><msg>Merge with T7830-RefactorOECorrections</msg><parents>1020:8e86b2cb8f1b 1021:106b7b45b1e2 </parents></changeset>
<changeset node='40ea7212db94f8068435b9e486f37a7897b6d816' author='Milan' rev='1023' date='1593602693.0-19800'><msg>- fixed aswi format.
- fixed TripDetectorP log message.</msg><file>bluecardinal-core/src/main/java/com/sigmastream/bc/dataquality/ChannelQualityMonitor.java</file><file>bluecardinal-core/src/main/java/com/sigmastream/bc/dataquality/DeviceQualityMonitor.java</file><file>bluecardinal-core/src/main/java/com/sigmastream/bc/dataquality/WellQualityMonitor.java</file><file>bluecardinal-core/src/main/java/com/sigmastream/pr/processor/oes/TripDetectorP.java</file><parents></parents></changeset>
<changeset node='208fbfbe74e02c9b72a394ac3a7f1afd9e9c12fa' author='Milan' rev='1024' date='1593602714.0-19800'><msg>Merge with B8308-DeviceDataQuality</msg><parents>1022:b4b294422ef1 1023:40ea7212db94 </parents></changeset>
<changeset node='5334f552b71563eb6ebed6c5f5ae159c39335c94' author='Milan' rev='1025' date='1593604527.0-19800'><msg>- merge colfict resolve.</msg><file>bluecardinal-core/src/main/java/com/sigmastream/pr/common/BCSources.java</file><parents></parents></changeset>
<changeset node='9beaf46dbaf5be0e1b7723d4f4e003ee95423d32' author='Milan' rev='1026' date='1593613766.0-19800'><msg>- Revert change of 1024</msg><file>bluecardinal-core/src/main/java/com/sigmastream/pr/yh/source/EventWSocketClientSource.java</file><parents></parents></changeset>
<changeset node='a0e04782bf225ce9ea81f0d289581828b2988905' author='Milan' rev='1027' date='1593679870.0-19800'><msg>commented main args.</msg><file>bluecardinal-core/src/main/java/com/sigmastream/main/Main.java</file><parents></parents></changeset>
<changeset node='72f21893ec34c9106a0bcb0ff786906bb7bcdf51' author='Milan' rev='1028' date='1594103355.0-19800'><msg>- Implemented new ASWI using geometric mean.</msg><file>bluecardinal-core/src/main/java/com/sigmastream/bc/dataquality/ChannelStatastics.java</file><file>bluecardinal-core/src/main/java/com/sigmastream/bc/dataquality/DeviceStatistics.java</file><file>bluecardinal-core/src/main/java/com/sigmastream/bc/dataquality/WellStatistics.java</file><parents></parents></changeset>
<changeset node='5b5c8040b075502b8fa3ef642eca3c31438e6663' author='Milan' rev='1029' date='1594103368.0-19800'><msg>- removed QualityOperator from pom.
- Add channelDeviceMap if absent.</msg><file>bluecardinal-core/pom.xml</file><file>bluecardinal-core/src/main/java/com/sigmastream/pr/yh/source/DiscoveryMessageHandlar.java</file><parents></parents></changeset>
<changeset node='a62c09b7ba70fbccd1f136e6f7670e7db354bb94' author='Milan' rev='1030' date='1594103391.0-19800'><msg>Merge with T8364-ASWIGeometricMean</msg><parents>1027:a0e04782bf22 1029:5b5c8040b075 </parents></changeset>
<changeset node='c430ad16dd5e06f301f14f2afea97358a6bd72ba' author='Milan' rev='1031' date='1594117599.0-19800'><msg>- Fixed Aspec score at channel level.</msg><file>bluecardinal-core/src/main/java/com/sigmastream/bc/dataquality/ChannelStatastics.java</file><file>bluecardinal-core/src/main/java/com/sigmastream/bc/dataquality/DeviceStatistics.java</file><file>bluecardinal-core/src/main/java/com/sigmastream/bc/dataquality/WellStatistics.java</file><parents></parents></changeset>
<changeset node='2221304fcb6b1361a6fe90a18e383f09054b45af' author='Milan' rev='1032' date='1594117694.0-19800'><msg>Merge with T8364-ASWIGeometricMean</msg><parents>1030:a62c09b7ba70 1031:c430ad16dd5e </parents></changeset>
<changeset node='938da6c3050a88ff6e878f001848a3939bc6ebcb' author='Milan' rev='1033' date='1594211642.0-19800'><msg>- Fixed well change not working on asset INACTIVE.
- Added Empty check on bitDepth holeDepth.</msg><file>bluecardinal-core/src/main/java/com/sigmastream/pr/processor/oes/TripDetectorP.java</file><file>bluecardinal-core/src/main/java/com/sigmastream/pr/yh/source/EventWSocketClientSource.java</file><parents></parents></changeset>
<changeset node='e6316512d96110dfdaa867189c4747e91f9aa81e' author='Parth' rev='1034' date='1599136150.0-19800'><msg>Add new operator for data analyser in BlueCardinal process.</msg><addedFile>bluecardinal-core/src/main/java/com/sigmastream/pr/operator/DataAnalyserOperator.java</addedFile><addedFile>bluecardinal-core/src/main/java/com/sigmastream/pr/processor/oes/DataAnalyserP.java</addedFile><addedFile>bluecardinal-engine/config/Data-analyze-wells_YH.config</addedFile><file>bluecardinal-core/src/main/java/com/sigmastream/pr/common/BCOperators.java</file><file>bluecardinal-core/src/main/java/com/sigmastream/pr/common/BCSources.java</file><file>bluecardinal-core/src/main/java/com/sigmastream/pr/common/YhChannelConfig.java</file><file>bluecardinal-core/src/main/java/com/sigmastream/pr/operator/DataAnalyserOperator.java</file><file>bluecardinal-core/src/main/java/com/sigmastream/pr/processor/oes/DataAnalyserP.java</file><file>bluecardinal-engine/config/Data-analyze-wells_YH.config</file><parents></parents></changeset>
<changeset node='397e9d6809e0aa6007218403822530859171d2e1' author='Parth' rev='1035' date='1599137084.0-19800'><msg>Fix the issue of compilation in BCOperators.</msg><file>bluecardinal-core/src/main/java/com/sigmastream/pr/common/BCOperators.java</file><parents></parents></changeset>
<changeset node='43dadacd231e71059c5557c2b154d8681033a3e8' author='Parth' rev='1036' date='1599137224.0-19800'><msg>Fix the compilation issue.</msg><file>bluecardinal-core/src/main/java/com/sigmastream/pr/common/BCSources.java</file><parents></parents></changeset>
<changeset node='1401b5b410fed841a8ca5628fe707b2564f45897' author='Parth' rev='1037' date='1599549755.0-19800'><msg>Fix the issue of data is not streaming as per the output configuration.</msg><file>bluecardinal-core/src/main/java/com/sigmastream/pr/processor/oes/DataAnalyserP.java</file><parents></parents></changeset>
<changeset node='766bc90b80f66ccfd9cd4c9803cf457beefff1c6' author='Parth' rev='1038' date='1599566347.0-19800'><msg>Fix the typo mistake into the operator name.</msg><file>bluecardinal-core/src/main/java/com/sigmastream/pr/common/BCOperators.java</file><file>bluecardinal-engine/config/Data-analyze-wells_YH.config</file><parents></parents></changeset>
<changeset node='8dfcbba95dda5f3469bdaec35ea33f892b04edea' author='Parth' rev='1039' date='1599566465.0-19800'><msg>Merge with T8679-DataAnalyserProcess</msg><parents>1033:938da6c3050a 1038:766bc90b80f6 </parents></changeset>
<changeset node='3e0f6c7e1020a7d101718d611558e2831156a2fc' author='Parth' rev='1040' date='1599716019.0-19800'><msg>Add support to start the bluecardinal process through the directory monitor process.</msg><file>bluecardinal-core/src/main/java/com/sigmastream/main/Main.java</file><parents></parents></changeset>
<changeset node='3f41caf4524630278209ddfea9f096f067bd66a4' author='Parth' rev='1041' date='1599728652.0-19800'><msg>Added support to identify the job using pipline vertex name to control the job from the hazelcast jet management center.</msg><file>bluecardinal-core/src/main/java/com/sigmastream/main/Main.java</file><file>bluecardinal-core/src/main/java/com/sigmastream/pr/common/BCSources.java</file><file>bluecardinal-core/src/main/java/com/sigmastream/pr/operator/DataAnalyserOperator.java</file><file>bluecardinal-core/src/main/java/com/sigmastream/pr/operator/DataQualityOperator.java</file><file>bluecardinal-core/src/main/java/com/sigmastream/pr/operator/MSEOperator.java</file><file>bluecardinal-core/src/main/java/com/sigmastream/pr/operator/SSIndicatorOperator.java</file><file>bluecardinal-core/src/main/java/com/sigmastream/pr/operator/oes/DysfunctionOperator.java</file><file>bluecardinal-core/src/main/java/com/sigmastream/pr/operator/oes/WellOperationalPipeline.java</file><file>bluecardinal-core/src/main/java/com/sigmastream/pr/processor/oes/MOEDebugOperator.java</file><parents></parents></changeset>
<changeset node='0eccda3af8efd8957fa88a3a18a4d0e70140a311' author='Parth' rev='1042' date='1599739547.0-19800'><msg>-Fix the issue of blueCardinal is not checking or creating deploy/patches folder.
-Fix the issue of blueCardinal is creating duplicate job for same config.</msg><file>bluecardinal-core/src/main/java/com/sigmastream/bc/jobs/JobConfiguration.java</file><file>bluecardinal-core/src/main/java/com/sigmastream/main/Main.java</file><file>bluecardinal-core/src/main/java/com/sigmastream/pr/common/BCSources.java</file><file>bluecardinal-core/src/main/java/com/sigmastream/pr/operator/DataAnalyserOperator.java</file><file>bluecardinal-core/src/main/java/com/sigmastream/pr/operator/DataQualityOperator.java</file><file>bluecardinal-core/src/main/java/com/sigmastream/pr/operator/MSEOperator.java</file><file>bluecardinal-core/src/main/java/com/sigmastream/pr/operator/SSIndicatorOperator.java</file><file>bluecardinal-core/src/main/java/com/sigmastream/pr/operator/oes/DysfunctionOperator.java</file><file>bluecardinal-core/src/main/java/com/sigmastream/pr/operator/oes/WellOperationalPipeline.java</file><file>bluecardinal-core/src/main/java/com/sigmastream/pr/processor/oes/MOEDebugOperator.java</file><parents></parents></changeset>
<changeset node='bf03caff91ab3a56de8b7fdc84da91b39a01f8a4' author='Parth' rev='1043' date='1599742995.0-19800'><msg>Fix the issue of failed job is not start again while config put into the deploy folder.</msg><file>bluecardinal-core/src/main/java/com/sigmastream/bc/jobs/JobConfiguration.java</file><parents></parents></changeset>
<changeset node='fff806db19ad32fbe7e48c830bcff500a9bd76e5' author='Parth' rev='1044' date='1599754683.0-19800'><msg>Added support of jobname into the all logs in Bluecardinal.</msg><file>bluecardinal-core/src/main/java/com/sigmastream/bc/dysfunction/DysFunctionP.java</file><file>bluecardinal-core/src/main/java/com/sigmastream/bc/mse/MSEProc.java</file><file>bluecardinal-core/src/main/java/com/sigmastream/pr/common/BCOperators.java</file><file>bluecardinal-core/src/main/java/com/sigmastream/pr/common/BCSinks.java</file><file>bluecardinal-core/src/main/java/com/sigmastream/pr/common/BCSources.java</file><file>bluecardinal-core/src/main/java/com/sigmastream/pr/common/BCWellOECorrectionNew.java</file><file>bluecardinal-core/src/main/java/com/sigmastream/pr/operator/DataAnalyserOperator.java</file><file>bluecardinal-core/src/main/java/com/sigmastream/pr/operator/DataQualityOperator.java</file><file>bluecardinal-core/src/main/java/com/sigmastream/pr/operator/MSEOperator.java</file><file>bluecardinal-core/src/main/java/com/sigmastream/pr/operator/SSIndicatorOperator.java</file><file>bluecardinal-core/src/main/java/com/sigmastream/pr/operator/TimeAccumulateOperator.java</file><file>bluecardinal-core/src/main/java/com/sigmastream/pr/operator/oes/DysfunctionOperator.java</file><file>bluecardinal-core/src/main/java/com/sigmastream/pr/operator/oes/FrictionTestOperator.java</file><file>bluecardinal-core/src/main/java/com/sigmastream/pr/operator/oes/OnOffBottomScannerOperator.java</file><file>bluecardinal-core/src/main/java/com/sigmastream/pr/operator/oes/WellOperationalPipeline.java</file><file>bluecardinal-core/src/main/java/com/sigmastream/pr/processor/ChannelQualityP.java</file><file>bluecardinal-core/src/main/java/com/sigmastream/pr/processor/DeviceQualityP.java</file><file>bluecardinal-core/src/main/java/com/sigmastream/pr/processor/SSIndicatorP.java</file><file>bluecardinal-core/src/main/java/com/sigmastream/pr/processor/StatisticsDataQualityP.java</file><file>bluecardinal-core/src/main/java/com/sigmastream/pr/processor/WellQualityP.java</file><file>bluecardinal-core/src/main/java/com/sigmastream/pr/processor/YhWSocketSinkP.java</file><file>bluecardinal-core/src/main/java/com/sigmastream/pr/processor/oes/BasicEventP.java</file><file>bluecardinal-core/src/main/java/com/sigmastream/pr/processor/oes/CSVBatchDataReaderP.java</file><file>bluecardinal-core/src/main/java/com/sigmastream/pr/processor/oes/ConnectionDetectorP.java</file><file>bluecardinal-core/src/main/java/com/sigmastream/pr/processor/oes/DataAnalyserP.java</file><file>bluecardinal-core/src/main/java/com/sigmastream/pr/processor/oes/DelayedDecisionP.java</file><file>bluecardinal-core/src/main/java/com/sigmastream/pr/processor/oes/MOEDebugOperator.java</file><file>bluecardinal-core/src/main/java/com/sigmastream/pr/processor/oes/StandCalculationP.java</file><file>bluecardinal-core/src/main/java/com/sigmastream/pr/processor/oes/TripDetectorP.java</file><file>bluecardinal-core/src/main/java/com/sigmastream/pr/processor/oes/YhWSocketStreamSourceDQP.java</file><file>bluecardinal-core/src/main/java/com/sigmastream/pr/processor/oes/YhWSocketStreamSourceP.java</file><file>bluecardinal-core/src/main/java/com/sigmastream/pr/yh/sink/DeviceWebSocketSink.java</file><file>bluecardinal-core/src/main/java/com/sigmastream/pr/yh/sink/PayloadManager.java</file><file>bluecardinal-core/src/main/java/com/sigmastream/pr/yh/sink/WSocketClientSink.java</file><file>bluecardinal-core/src/main/java/com/sigmastream/pr/yh/sink/YhWSocketPublisher.java</file><file>bluecardinal-core/src/main/java/com/sigmastream/pr/yh/source/EventWSocketClientSource.java</file><file>bluecardinal-core/src/main/java/com/sigmastream/pr/yh/source/WSocketClientSource.java</file><parents></parents></changeset>
<changeset node='daae457ff13b412139b0695fa03c6d4701473c48' author='Parth' rev='1045' date='1599754984.0-19800'><msg>Remove the unwanted import.</msg><file>bluecardinal-core/src/main/java/com/sigmastream/pr/common/BCOperators.java</file><file>bluecardinal-core/src/main/java/com/sigmastream/pr/common/BCSources.java</file><parents></parents></changeset>
<changeset node='5068f95f49998866ebdda178e496fa50b7126b64' author='Parth' rev='1046' date='1599755055.0-19800'><msg>Remove unnecessary import.</msg><file>bluecardinal-core/src/main/java/com/sigmastream/pr/common/BCOperators.java</file><parents></parents></changeset>
<changeset node='e0b0abef0332bf6b7c840cf794c7cafb1a07da9e' author='Parth' rev='1047' date='1599813323.0-19800'><msg>-Add support of if config file is invalid than it discard from config and deploy folder to invalid config folder.
-Add support if config is not given at starting of bluecardinal it will read the config folder and run all the configuration.</msg><file>bluecardinal-core/src/main/java/com/sigmastream/main/Main.java</file><file>bluecardinal-core/src/main/java/com/sigmastream/pr/processor/oes/YhWSocketStreamSourceP.java</file><parents></parents></changeset>
<changeset node='f1429ebbbca42323726d1b61ff845c0056f69c45' author='Parth' rev='1048' date='1599813697.0-19800'><msg>Merge with T8708-AutodeployerProcess</msg><parents>1039:8dfcbba95dda 1047:e0b0abef0332 </parents></changeset>
<changeset node='749e5ba5ec8aceabc4899dce667545897a79d0e8' author='Parth' rev='1049' date='1599815925.0-19800'><msg>Fix the issue of jobconfiguration is not set before getting the job name.</msg><file>bluecardinal-core/src/main/java/com/sigmastream/pr/yh/source/EventWSocketClientSource.java</file><file>bluecardinal-core/src/main/java/com/sigmastream/pr/yh/source/WSocketClientSource.java</file><parents></parents></changeset>
<changeset node='da791c3c08c18b6b6b22607c3bcc27afda24a6a3' author='Parth' rev='1050' date='1599817942.0-19800'><msg>Added hazelcast jet management center.</msg><addedFile>hazelcast-jet-management-center/application.properties</addedFile><addedFile>hazelcast-jet-management-center/hazelcast-client.xml</addedFile><addedFile>hazelcast-jet-management-center/hazelcast-jet-management-center-3.0.jar</addedFile><addedFile>hazelcast-jet-management-center/jet-management-center.bat</addedFile><addedFile>hazelcast-jet-management-center/jet-management-center.sh</addedFile><file>hazelcast-jet-management-center/application.properties</file><file>hazelcast-jet-management-center/hazelcast-client.xml</file><file>hazelcast-jet-management-center/hazelcast-jet-management-center-3.0.jar</file><file>hazelcast-jet-management-center/jet-management-center.bat</file><file>hazelcast-jet-management-center/jet-management-center.sh</file><parents></parents></changeset>
<changeset node='c0983fea426bab6106a9a9d2cfacdeafbd4a2a79' author='Parth' rev='1051' date='1599821016.0-19800'><msg>Added tag Parker-221 for changeset da791c3c08c1</msg><file>.hgtags</file><parents></parents></changeset>
<changeset node='9382e4b6f5dba6171d5d0d8d0aae4b85be315e1b' author='Parth' rev='1052' date='1599826637.0-19800'><msg>Fix the issue of Deploy folder file is not move to the config folder.</msg><file>bluecardinal-core/src/main/java/com/sigmastream/main/Main.java</file><parents></parents></changeset>
<changeset node='9cba2013ab4506bfb3d6e06ee657262cad38dd13' author='Parth' rev='1053' date='1599827201.0-19800'><msg>Merge with T8708-AutodeployerProcess</msg><parents>1051:c0983fea426b 1052:9382e4b6f5db </parents></changeset>
<changeset node='9380ecf2e4758856b1c673fa2c9e32162f7c6635' author='Hitesh Panchani' rev='1054' date='1599831712.0-19800'><msg>Renamed jet-management center</msg><addedFile>bluecardinal-core/build.version</addedFile><addedFile>bluecardinal-webclient/application.properties</addedFile><addedFile>bluecardinal-webclient/bluecardinal-client.jar</addedFile><addedFile>bluecardinal-webclient/hazelcast-client.xml</addedFile><addedFile>bluecardinal-webclient/start-client.bat</addedFile><addedFile>bluecardinal-webclient/start-client.sh</addedFile><deletedFile>hazelcast-jet-management-center/application.properties</deletedFile><deletedFile>hazelcast-jet-management-center/hazelcast-jet-management-center-3.0.jar</deletedFile><deletedFile>hazelcast-jet-management-center/jet-management-center.bat</deletedFile><deletedFile>hazelcast-jet-management-center/jet-management-center.sh</deletedFile><file>bluecardinal-core/build.version</file><file>bluecardinal-webclient/application.properties</file><file>bluecardinal-webclient/bluecardinal-client.jar</file><file>bluecardinal-webclient/hazelcast-client.xml</file><file>bluecardinal-webclient/start-client.bat</file><file>bluecardinal-webclient/start-client.sh</file><file>hazelcast-jet-management-center/application.properties</file><file>hazelcast-jet-management-center/hazelcast-jet-management-center-3.0.jar</file><file>hazelcast-jet-management-center/jet-management-center.bat</file><file>hazelcast-jet-management-center/jet-management-center.sh</file><parents></parents></changeset>
<changeset node='b7ceddca8d8ff955ba1116971657d1109340aae7' author='Hitesh Panchani' rev='1055' date='1599831858.0-19800'><msg>Deleted unwanted file</msg><deletedFile>hazelcast-jet-management-center/hazelcast-client.xml</deletedFile><file>hazelcast-jet-management-center/hazelcast-client.xml</file><parents></parents></changeset>
<changeset node='6b5f7c4ecefe099c65f831196d4661d6fe43fe96' author='Hitesh Panchani' rev='1056' date='1599832003.0-19800'><msg>Removed auto generated build.version from code repository</msg><deletedFile>bluecardinal-core/build.version</deletedFile><file>bluecardinal-core/build.version</file><parents></parents></changeset>
<changeset node='b9475f283f40b6ad5bede0ffcd2a75297b6475ee' author='Hitesh Panchani' rev='1057' date='1599853270.0-19800'><msg>Added tag Chevron-Release2 for changeset 6b5f7c4ecefe</msg><file>.hgtags</file><parents></parents></changeset>
</changesets>