<?xml version="1.0" encoding="UTF-8"?>
<changesets>
<changeset node='8beb87d0399a4a234553fe04a5c1949f916ce5f6' author='Sandip Parmar' rev='750' date='1583953116.0-19800'><msg>After outsilp if in slip event occur then it will part of slip to wait.</msg><file>bluecardinal-core/src/main/java/com/sigmastream/pr/processor/oes/ConnectionDetectorP.java</file><parents>748:b8d25209710f </parents></changeset>
<changeset node='ebe19491eee70a64c844b96a3e70be39aaf827be' author='Sandip Parmar' rev='751' date='1583953874.0-19800'><msg>If current event is inSlip and previous event is not stationary, rotate and circulate, rotating then create new connection confirm.</msg><file>bluecardinal-core/src/main/java/com/sigmastream/pr/processor/oes/ConnectionDetectorP.java</file><parents></parents></changeset>
<changeset node='cefac3b62318d21c9860e7aabb9d0cc39bef8d5c' author='Sandip Parmar' rev='752' date='1583953941.0-19800'><msg>Merge with T7706-UnknownEventIssue</msg><parents>751:ebe19491eee7 749:0491acbe05e9 </parents></changeset>
<changeset node='2f9d4fa9b5f4ab9172ef3c5ecfe5ddf6a232656b' author='Sandip Parmar' rev='753' date='1583954328.0-19800'><msg>Update logic cause problem to create unnessary connection.</msg><file>bluecardinal-core/src/main/java/com/sigmastream/pr/processor/oes/ConnectionDetectorP.java</file><parents>751:ebe19491eee7 </parents></changeset>
<changeset node='857daf0834d12a18647eff5120d080b57869c527' author='Sandip Parmar' rev='754' date='1583954654.0-19800'><msg>Merge</msg><parents>753:2f9d4fa9b5f4 752:cefac3b62318 </parents></changeset>
<changeset node='14cfd4fe75671bcf970713168d983bd2d79403a3' author='Sandip Parmar' rev='755' date='1583994942.0-19800'><msg>Fix issue of null pointer exception if current event is BC_NoDataAvailable then ignore the unknownEventcorrention.</msg><file>bluecardinal-core/src/main/java/com/sigmastream/pr/processor/oes/UnknownEventCorrectionP.java</file><parents></parents></changeset>
<changeset node='44c60ed056278b41b052e441433cd3bb1a262999' author='Sandip Parmar' rev='758' date='1584015796.0-19800'><msg>Disable slide assit event.
Differece between Previous connection bitdepth is greater than 10 ft then create new connection.</msg><file>bluecardinal-core/src/main/java/com/sigmastream/pr/common/BCWellOperationalEventsUtils.java</file><file>bluecardinal-core/src/main/java/com/sigmastream/pr/processor/oes/ConnectionDetectorP.java</file><parents>755:14cfd4fe7567 </parents></changeset>
<changeset node='93aa76f4d589ff134ef7fc20a3f75971132b8069' author='dpansheriya' rev='765' date='1584033017.0-19800'><msg>Merge with 7588-SubEventIssue</msg><file>bluecardinal-core/src/main/java/com/sigmastream/pr/common/BCWellOperationalEventsUtils.java</file><file>bluecardinal-core/src/main/java/com/sigmastream/pr/processor/oes/ConnectionDetectorP.java</file><parents>758:44c60ed05627 764:da4a8bf76d9f </parents></changeset>
<changeset node='c79cb05e3eee1e4b3cab25a0b3cd66e75e4e7a46' author='Sandip Parmar' rev='766' date='1584038664.0-19800'><msg>Refactor MOE logic.</msg><file>bluecardinal-core/src/main/java/com/sigmastream/pr/processor/oes/ConnectionDetectorP.java</file><parents></parents></changeset>
<changeset node='e87b3123a1ed9444f96ada8b45e6962ea8fef9da' author='Sandip Parmar' rev='767' date='1584093084.0-19800'><msg>If trip-start from the trip-in then detect that trip as single trip.
Fix issue during cementing process ignore stationary event.
Fix issue drilling event is not detected.</msg><file>bluecardinal-core/src/main/java/com/sigmastream/pr/processor/oes/ConnectionDetectorP.java</file><parents></parents></changeset>
<changeset node='c4f5ed280fd1d8f829f6c956ac7f64a39af4f7e1' author='Parth' rev='768' date='1584100664.0-19800'><msg>Fix the issue of at surface event set while inslip is greater than 30 mins and bitdepth is less than 500.</msg><file>bluecardinal-core/src/main/java/com/sigmastream/pr/processor/oes/DelayedDecisionP.java</file><parents>765:93aa76f4d589 </parents></changeset>
<changeset node='887b975d8b701317f243408694f3b5b10d773891' author='Parth' rev='769' date='1584102229.0-19800'><msg>Fix the null pointer while adding inslipconfirm payload into current payload.
handle the no data avaialble event while bitdepth is less than 500.</msg><file>bluecardinal-core/src/main/java/com/sigmastream/pr/processor/oes/DelayedDecisionP.java</file><parents></parents></changeset>
<changeset node='91180a7dccb6a4afdf8f0e3e1230541c31ff1892' author='dpansheriya' rev='771' date='1584107838.0-19800'><msg>Merge with 7588-At Surface</msg><parents>767:e87b3123a1ed 769:887b975d8b70 </parents></changeset>
<changeset node='377b488c085307d12fa1a9395ffbeeeaf0a1fd24' author='Parth' rev='772' date='1584114578.0-19800'><msg>Fix the issue of small stationary while inslip.</msg><file>bluecardinal-core/src/main/java/com/sigmastream/pr/common/BCWellOperationalEventsUtils.java</file><parents>769:887b975d8b70 </parents></changeset>
<changeset node='e9946ccf3f3f12448a6d82ff9e5471f738292ae7' author='dpansheriya' rev='773' date='1584114813.0-19800'><msg>Merge with 7588-At Surface</msg><parents>771:91180a7dccb6 772:377b488c0853 </parents></changeset>
<changeset node='05a4cad4e7dbb645372609dc405f5a5d4f3e8929' author='Sandip Parmar' rev='774' date='1584116678.0-19800'><msg>Refactor MOE logic.</msg><file>bluecardinal-core/src/main/java/com/sigmastream/pr/processor/oes/ConnectionDetectorP.java</file><parents></parents></changeset>
<changeset node='ffb7cf8e2f44d3056072de03541cfa055fa86b00' author='dpansheriya' rev='775' date='1584166477.0-19800'><msg>Improving Inslip detection near surface</msg><file>bluecardinal-core/src/main/java/com/sigmastream/pr/common/BCWellOperationalEventsUtils.java</file><parents>772:377b488c0853 </parents></changeset>
<changeset node='cbb69b9b9ea3e02c25c3e1f97966e3ae1865e0a9' author='Parth' rev='776' date='1584170146.0-19800'><msg>Added previous atsurface cutoff support to handle at surface event.
Added support of NO data avaialble event handle with verify either it&#39;s at surface or not.
Formate changes.</msg><file>bluecardinal-core/src/main/java/com/sigmastream/pr/common/BCWellOperationalEventsUtils.java</file><file>bluecardinal-core/src/main/java/com/sigmastream/pr/processor/oes/DelayedDecisionP.java</file><parents></parents></changeset>
<changeset node='153dabf68fd5d505cbe5daf66ddbee00279a8e2f' author='dpansheriya' rev='777' date='1584178356.0-19800'><msg>Merge with 7588-At Surface</msg><parents>774:05a4cad4e7db 776:cbb69b9b9ea3 </parents></changeset>
<changeset node='2e013683e9d2ef8ef20ed43e3e93dc2f0c05d04d' author='Parth' rev='778' date='1584188816.0-19800'><msg>Fix the wrong event replace while previous event is unknown.</msg><file>bluecardinal-core/src/main/java/com/sigmastream/pr/processor/oes/UnknownEventCorrectionP.java</file><parents>776:cbb69b9b9ea3 </parents></changeset>
<changeset node='cb122c017044a804978ea1bc32599445ce7f4a05' author='dpansheriya' rev='779' date='1584337857.0-19800'><msg>Merge with 7588-At Surface</msg><parents>777:153dabf68fd5 778:2e013683e9d2 </parents></changeset>
<changeset node='7495d0624ffdfbd7d393ed95d7b124560e3e407b' author='Parth' rev='780' date='1584357909.0-19800'><msg>Issue of connection is not detect in proper sequence.</msg><file>bluecardinal-core/src/main/java/com/sigmastream/pr/processor/oes/ConnectionDetectorP.java</file><parents>778:2e013683e9d2 </parents></changeset>
<changeset node='17ffd25aa6abe2b6bc5e72b607ecff45ef20d65c' author='dpansheriya' rev='781' date='1584361301.0-19800'><msg>REspecting confirm to wait for all events during delayed dicision</msg><file>bluecardinal-core/src/main/java/com/sigmastream/pr/processor/oes/ConnectionDetectorP.java</file><file>bluecardinal-core/src/main/java/com/sigmastream/pr/processor/oes/DelayedDecisionP.java</file><parents></parents></changeset>
<changeset node='5cc21b4b8c03e459588b47f4cad8556de729266f' author='Parth' rev='782' date='1584367782.0-19800'><msg>Issue of Outslip is not detect properly.</msg><file>bluecardinal-core/src/main/java/com/sigmastream/pr/processor/oes/ConnectionDetectorP.java</file><file>bluecardinal-core/src/main/java/com/sigmastream/pr/processor/oes/DelayedDecisionP.java</file><parents></parents></changeset>
<changeset node='dbbe53365ec400db29c4149629464059c5ec78a8' author='Sandip Parmar' rev='783' date='1584368302.0-19800'><msg>Update stand calculation logic to calculate proper stand count.</msg><file>bluecardinal-core/src/main/java/com/sigmastream/pr/processor/oes/ConnectionDetectorP.java</file><parents>779:cb122c017044 </parents></changeset>
<changeset node='0042184ca868783c0f98d8a47a2b74e3cc0a8bd7' author='dpansheriya' rev='784' date='1584369786.0-19800'><msg>Fixing Outslip not detected in connection when At surface</msg><file>bluecardinal-core/src/main/java/com/sigmastream/pr/processor/oes/ConnectionDetectorP.java</file><parents>782:5cc21b4b8c03 </parents></changeset>
<changeset node='006dcda5bc558115595061f2b8343da917121295' author='dpansheriya' rev='785' date='1584370430.0-19800'><msg>Adding logic to mark delayed OOH as processed.</msg><file>bluecardinal-core/src/main/java/com/sigmastream/pr/processor/oes/ConnectionDetectorP.java</file><file>bluecardinal-core/src/main/java/com/sigmastream/pr/processor/oes/DelayedDecisionP.java</file><parents></parents></changeset>
<changeset node='5f17020ad50ccbf9da688f0decfdd87c95426803' author='dpansheriya' rev='786' date='1584370646.0-19800'><msg>Fixing comparission issue</msg><file>bluecardinal-core/src/main/java/com/sigmastream/pr/processor/oes/ConnectionDetectorP.java</file><parents></parents></changeset>
<changeset node='ecf2971a76a338c3886c826a421b9b300fea51c6' author='dpansheriya' rev='788' date='1584372971.0-19800'><msg>Merge with 7717-ConnectionDetectionIssue</msg><file>bluecardinal-core/src/main/java/com/sigmastream/pr/processor/oes/ConnectionDetectorP.java</file><parents>783:dbbe53365ec4 786:5f17020ad50c </parents></changeset>
<changeset node='156499af13b6a1944fa37e9d2a7c378b2212d837' author='Parth' rev='790' date='1584373685.0-19800'><msg>Fix the compilation error.</msg><file>bluecardinal-core/src/main/java/com/sigmastream/pr/processor/oes/ConnectionDetectorP.java</file><parents>788:ecf2971a76a3 </parents></changeset>
<changeset node='451275c87ef1329d69398f21d3e224f9d7923ea4' author='Parth' rev='791' date='1584376739.0-19800'><msg>Fix the issue of small Inslip event detection.</msg><file>bluecardinal-core/src/main/java/com/sigmastream/pr/common/BCWellOperationalEventsUtils.java</file><parents>786:5f17020ad50c </parents></changeset>
<changeset node='61ad9b53d20e30c96ae42f5c02ec3936b5efde3a' author='dpansheriya' rev='792' date='1584376891.0-19800'><msg>Merge with SmallInslipEventIssue</msg><parents>790:156499af13b6 791:451275c87ef1 </parents></changeset>
<changeset node='42db321c9bd34eb9276e37967c4fe990d614a004' author='Sandip Parmar' rev='793' date='1584408727.0-19800'><msg>Add support outOfhole event into MOE.
Fix issue of inner trip detection.</msg><file>bluecardinal-core/src/main/java/com/sigmastream/pr/common/TrippingEvents.java</file><file>bluecardinal-core/src/main/java/com/sigmastream/pr/processor/oes/ConnectionDetectorP.java</file><parents></parents></changeset>
<changeset node='1c9f4a556c104c2ccfb2fcddfeed3dd3a2bcabc7' author='Sandip Parmar' rev='794' date='1584460434.0-19800'><msg>Refactor trip-stationary event logic.</msg><file>bluecardinal-core/src/main/java/com/sigmastream/pr/processor/oes/ConnectionDetectorP.java</file><parents></parents></changeset>
<changeset node='5d74539e9042815358ea4d2ee00382f4fef79051' author='Sandip Parmar' rev='795' date='1584460686.0-19800'><msg>Comment timeEventCorrection process.</msg><file>bluecardinal-core/src/main/java/com/sigmastream/pr/common/BCWellOECorrection.java</file><parents></parents></changeset>
<changeset node='0d446174065717f1164721add54bd59f29000263' author='Milan' rev='796' date='1584463117.0-19800'><msg>Added support to initialise previous Blockload value using config param &quot;intialBlockLoad&quot;.</msg><file>bluecardinal-core/src/main/java/com/sigmastream/pr/common/BCConnectionSubEventManager.java</file><file>bluecardinal-core/src/main/java/com/sigmastream/pr/common/BCSmallOECorrection.java</file><file>bluecardinal-core/src/main/java/com/sigmastream/pr/common/BCSmallOECorrectionNew.java</file><file>bluecardinal-core/src/main/java/com/sigmastream/pr/common/BCWellOECorrection.java</file><file>bluecardinal-core/src/main/java/com/sigmastream/pr/common/BCWellOETimestampCorrection.java</file><file>bluecardinal-core/src/main/java/com/sigmastream/pr/common/BCWellOperationalEventsUtils.java</file><file>bluecardinal-core/src/main/java/com/sigmastream/pr/operator/oes/WellOperationalPipeline.java</file><file>bluecardinal-core/src/main/java/com/sigmastream/pr/processor/oes/BasicEventP.java</file><file>bluecardinal-core/src/main/java/com/sigmastream/pr/processor/oes/ComplexEventP.java</file><file>bluecardinal-core/src/main/java/com/sigmastream/pr/utils/LicenseKeyValidator.java</file><parents>791:451275c87ef1 </parents></changeset>
<changeset node='4d1527b232afba27c62b2dd2d434d04fa2757433' author='Parth' rev='797' date='1584508915.0-19800'><msg>Revert the licence key changes.</msg><file>bluecardinal-core/src/main/java/com/sigmastream/pr/utils/LicenseKeyValidator.java</file><parents></parents></changeset>
<changeset node='f264a22582689dfe3b6f70ce9441b01e27d79d3e' author='dpansheriya' rev='798' date='1584512173.0-19800'><msg>Merge with SmallInslipEventIssue</msg><parents>794:1c9f4a556c10 796:0d4461740657 </parents></changeset>
<changeset node='6a825f682058436fabb610c9d95e0bf325a48d80' author='dpansheriya' rev='799' date='1584512192.0-19800'><msg>Merge with RefactorMOELogic</msg><file>bluecardinal-core/src/main/java/com/sigmastream/pr/common/BCWellOECorrection.java</file><parents>795:5d74539e9042 798:f264a2258268 </parents></changeset>
<changeset node='34939a3cc9fba0e74e2b1df5d132cb2c71d0614e' author='dpansheriya' rev='800' date='1584551466.0-19800'><msg>Fixing drilling event not ending issue.</msg><file>bluecardinal-core/src/main/java/com/sigmastream/pr/processor/oes/ConnectionDetectorP.java</file><parents>798:f264a2258268 </parents></changeset>
<changeset node='89309c2bf1ff1dba17cc9dddd1d8751985a1add8' author='dpansheriya' rev='801' date='1584551511.0-19800'><msg>Merge with RefactorMOELogic</msg><parents>799:6a825f682058 800:34939a3cc9fb </parents></changeset>
<changeset node='87663ff9bfc762565ac05a194f1e6112be4a0f4b' author='Parth' rev='802' date='1584606375.0-19800'><msg>Fix the small inslip event detection.</msg><file>bluecardinal-core/src/main/java/com/sigmastream/pr/common/BCSmallOECorrectionNew.java</file><parents>797:4d1527b232af </parents></changeset>
<changeset node='189940c6ca7263a2749fa5efbd945e24b0318d1c' author='Parth' rev='803' date='1584607299.0-19800'><msg>Fix the issue of worng payload added in delayed payload for small OE correction.</msg><file>bluecardinal-core/src/main/java/com/sigmastream/pr/common/BCSmallOECorrectionNew.java</file><parents></parents></changeset>
<changeset node='a12bd926e3e030969a85292622681e330c530f5f' author='dpansheriya' rev='804' date='1584607636.0-19800'><msg>Fixing small OE issue when many small OE occurs adjustant to each other</msg><file>bluecardinal-core/src/main/java/com/sigmastream/pr/common/BCSmallOECorrectionNew.java</file><parents></parents></changeset>
<changeset node='cbe9d15e3e42f7444e9599ce7baef32ba5f6a6e5' author='dpansheriya' rev='805' date='1584626990.0-19800'><msg>Reverting Commit 800</msg><file>bluecardinal-core/src/main/java/com/sigmastream/pr/processor/oes/ConnectionDetectorP.java</file><parents>800:34939a3cc9fb </parents></changeset>
<changeset node='40886ad45b9577ff4caf951f0551ba78d7849cc8' author='dpansheriya' rev='806' date='1584627183.0-19800'><msg>Merge with SmallInslipEventIssue</msg><parents>805:cbe9d15e3e42 804:a12bd926e3e0 </parents></changeset>
<changeset node='d5a9777174a50ada432f85e3356b10d28e312770' author='dpansheriya' rev='807' date='1584627196.0-19800'><msg>Merge with RefactorMOELogic</msg><parents>801:89309c2bf1ff 806:40886ad45b95 </parents></changeset>
<changeset node='db53543d33f46ad08351a4c43e38cef1c2a13163' author='Milan' rev='808' date='1584628016.0-19800'><msg>ConnectionSubEventValue: changed access specifier to private
ConnectionDetectorP : absolute time difference increased from 10 to 90.</msg><file>bluecardinal-core/src/main/java/com/sigmastream/pr/beans/ConnectionSubEventValues.java</file><file>bluecardinal-core/src/main/java/com/sigmastream/pr/processor/oes/ConnectionDetectorP.java</file><parents>806:40886ad45b95 </parents></changeset>
<changeset node='092518fd0258c2361383de5a41272b9fa49a9680' author='dpansheriya' rev='809' date='1584630001.0-19800'><msg>Merge with RefactorMOELogic</msg><parents>807:d5a9777174a5 808:db53543d33f4 </parents></changeset>
<changeset node='35cac02ba1f7a6a0d3abbbaadb7060b4db3420cc' author='Milan' rev='810' date='1584640709.0-19800'><msg>Fixed wrong tripIn Detect as tripOut.</msg><file>bluecardinal-core/src/main/java/com/sigmastream/pr/processor/oes/ConnectionDetectorP.java</file><parents>808:db53543d33f4 </parents></changeset>
<changeset node='1468ae1ff899b472485b5c2c8843bab1be3e0f7e' author='Milan' rev='811' date='1584642121.0-19800'><msg>Commented bracket.</msg><file>bluecardinal-core/src/main/java/com/sigmastream/pr/processor/oes/ConnectionDetectorP.java</file><parents></parents></changeset>
<changeset node='5912c5d4afcbe10850b8bc67b02c4cc7c40dcb4d' author='Milan' rev='812' date='1584737532.0-19800'><msg>Added MOEDebuggerOperator, StreamSimulatorP
configParser added in CommonUtils.</msg><addedFile>bluecardinal-core/src/main/java/com/sigmastream/pr/processor/oes/MOEDebugOperator.java</addedFile><addedFile>bluecardinal-core/src/main/java/com/sigmastream/pr/processor/oes/StreamSimulatorP.java</addedFile><file>bluecardinal-core/src/main/java/com/sigmastream/pr/common/BCSources.java</file><file>bluecardinal-core/src/main/java/com/sigmastream/pr/common/CommonUtils.java</file><file>bluecardinal-core/src/main/java/com/sigmastream/pr/processor/oes/MOEDebugOperator.java</file><file>bluecardinal-core/src/main/java/com/sigmastream/pr/processor/oes/StreamSimulatorP.java</file><parents></parents></changeset>
<changeset node='f9b57f12e59afeb1f1185a5533a5931ddc55faec' author='dpansheriya' rev='813' date='1584778385.0-19800'><msg>Fixing number parsing issue</msg><file>bluecardinal-core/src/main/java/com/sigmastream/pr/processor/oes/StreamSimulatorP.java</file><parents></parents></changeset>
<changeset node='83ed449b534acf7736a66a99a797735a43c9ce85' author='Milan' rev='814' date='1584780696.0-19800'><msg>Added log4j.</msg><file>bluecardinal-core/src/main/java/com/sigmastream/pr/processor/oes/MOEDebugOperator.java</file><parents></parents></changeset>
<changeset node='026170dd5264261357e997f25bb8125abe96ed09' author='Milan' rev='815' date='1584911369.0-19800'><msg>fixed wrong tirpOut, wrong drilling, outof order timestamp in tring_data.csv</msg><file>bluecardinal-core/src/main/java/com/sigmastream/pr/processor/oes/ConnectionDetectorP.java</file><parents></parents></changeset>
<changeset node='93bc82b212a36a894867144d60d375f010e5a188' author='dpansheriya' rev='816' date='1584941123.0-19800'><msg>Merge with MOEcorrection</msg><parents>809:092518fd0258 815:026170dd5264 </parents></changeset>
<changeset node='2f9bf2c1d0a9120ad09db06395f6fc546d6f837d' author='Milan' rev='817' date='1585051316.0-19800'><msg>fixed tripOutstartTime</msg><file>bluecardinal-core/src/main/java/com/sigmastream/pr/processor/oes/ConnectionDetectorP.java</file><parents>815:026170dd5264 </parents></changeset>
<changeset node='a8c9dd31cd56995f7718446295a8f9a42c6167e6' author='Milan' rev='818' date='1585051384.0-19800'><msg>Merge with MOEcorrection</msg><parents>816:93bc82b212a3 817:2f9bf2c1d0a9 </parents></changeset>
<changeset node='3ad06bf60b17dabb925777d947d6cbeef1eb9b2f' author='Milan' rev='819' date='1585082011.0-19800'><msg>Fixed TripLogic inside casing.</msg><file>bluecardinal-core/src/main/java/com/sigmastream/pr/processor/oes/ConnectionDetectorP.java</file><parents>817:2f9bf2c1d0a9 </parents></changeset>
<changeset node='3a437feb317b43e3458b02c9d47ecd18a3903caa' author='Parth' rev='820' date='1585229095.0-19800'><msg>Fix the small event issue.</msg><file>bluecardinal-core/src/main/java/com/sigmastream/pr/common/BCSmallOECorrectionNew.java</file><parents>818:a8c9dd31cd56 </parents></changeset>
<changeset node='17c246bcf24b71ef5c8a1d59a60559734b912221' author='Milan' rev='821' date='1585242301.0-19800'><msg>Reverting MOEcorrection changes to reduce regressions.</msg><file>bluecardinal-core/src/main/java/com/sigmastream/pr/processor/oes/ConnectionDetectorP.java</file><parents>819:3ad06bf60b17 </parents></changeset>
<changeset node='cf2dbc7a88b111293e3936235a6435dd8214cb9d' author='dpansheriya' rev='822' date='1585245833.0-19800'><msg>Merge with MOEcorrection</msg><parents>820:3a437feb317b 821:17c246bcf24b </parents></changeset>
<changeset node='24daafc133c4a6913f1d3ad13de4ba00ccfcc92a' author='Parth' rev='823' date='1585312417.0-19800'><msg>Fix the issue where inslip detected and hookload is high.</msg><file>bluecardinal-core/src/main/java/com/sigmastream/pr/common/BCWellOperationalEventsUtils.java</file><parents></parents></changeset>
<changeset node='f6d1b0f204924c310b4067f8661f2ee202e53177' author='Parth' rev='824' date='1585324087.0-19800'><msg>Change the condition to handle the inslip event with high hookload.
Handle the inslip event while correct the unknown event.</msg><file>bluecardinal-core/src/main/java/com/sigmastream/pr/common/BCWellOperationalEventsUtils.java</file><file>bluecardinal-core/src/main/java/com/sigmastream/pr/processor/oes/UnknownEventCorrectionP.java</file><parents></parents></changeset>
<changeset node='688e0f7a0c384c225b3dd33549be0b5d280cab44' author='Parth' rev='825' date='1585416639.0-19800'><msg>Remove the OE correction part in pipeline.</msg><file>bluecardinal-core/src/main/java/com/sigmastream/pr/common/BCWellOECorrection.java</file><file>bluecardinal-core/src/main/java/com/sigmastream/pr/processor/oes/UnknownEventCorrectionP.java</file><parents></parents></changeset>
<changeset node='a5f21f63a14adfc14c11fcca208e7e815a414339' author='Parth' rev='828' date='1585669456.0-19800'><msg>Add support to enable th autoblockload calculation support ot not.</msg><file>bluecardinal-core/src/main/java/com/sigmastream/pr/common/BCConnectionSubEventManager.java</file><file>bluecardinal-core/src/main/java/com/sigmastream/pr/common/BCSmallOECorrection.java</file><file>bluecardinal-core/src/main/java/com/sigmastream/pr/common/BCSmallOECorrectionNew.java</file><file>bluecardinal-core/src/main/java/com/sigmastream/pr/common/BCSources.java</file><file>bluecardinal-core/src/main/java/com/sigmastream/pr/common/BCWellOETimestampCorrection.java</file><file>bluecardinal-core/src/main/java/com/sigmastream/pr/common/BCWellOperationalEventsUtils.java</file><file>bluecardinal-core/src/main/java/com/sigmastream/pr/processor/oes/BasicEventP.java</file><file>bluecardinal-core/src/main/java/com/sigmastream/pr/processor/oes/ComplexEventP.java</file><parents>825:688e0f7a0c38 </parents></changeset>
<changeset node='0d60ace6d39278d52c3c8b4e0d3036f5cdf2047f' author='Parth' rev='829' date='1585749076.0-19800'><msg>Revert the Inslip condition for inslip issue.</msg><file>bluecardinal-core/src/main/java/com/sigmastream/pr/common/BCWellOperationalEventsUtils.java</file><parents></parents></changeset>
<changeset node='078a03ec57d0dbee7821616845fdbee344eb2acf' author='Parth' rev='830' date='1585755669.0-19800'><msg>Fix the issue of wrong inslip detected instead of at surface event.</msg><file>bluecardinal-core/src/main/java/com/sigmastream/pr/common/BCWellOperationalEventsUtils.java</file><parents></parents></changeset>
<changeset node='229d3bc355a47fc25b5e0d8d411d64da569019f3' author='Milan' rev='855' date='1587040605.0-19800'><msg>Added Log statements.
Refactored Data Quality Operator.</msg><file>bluecardinal-core/src/main/java/com/sigmastream/bc/dataquality/ChannelQualityMonitor.java</file><file>bluecardinal-core/src/main/java/com/sigmastream/bc/dataquality/ChannelStatastics.java</file><file>bluecardinal-core/src/main/java/com/sigmastream/bc/dataquality/DeviceQualityMonitor.java</file><file>bluecardinal-core/src/main/java/com/sigmastream/bc/dataquality/DeviceStatistics.java</file><file>bluecardinal-core/src/main/java/com/sigmastream/bc/dataquality/WellQualityMonitor.java</file><file>bluecardinal-core/src/main/java/com/sigmastream/bc/dataquality/WellStatistics.java</file><file>bluecardinal-core/src/main/java/com/sigmastream/pr/operator/DataQualityOperator.java</file><file>bluecardinal-core/src/main/java/com/sigmastream/pr/processor/DataQualityP.java</file><parents>830:078a03ec57d0 </parents></changeset>
<changeset node='64cb83da1b020e6534778bc99bf53b27300d1ea7' author='Milan' rev='856' date='1587045087.0-19800'><msg>Added Log statements.
changed log Level info to debug in emitTrippingCurrentStage function.</msg><file>bluecardinal-core/src/main/java/com/sigmastream/pr/processor/oes/ConnectionDetectorP.java</file><parents></parents></changeset>
<changeset node='fbdf88e9219a38870857b1f2dbf05db91586b019' author='Parth' rev='857' date='1587047707.0-19800'><msg>Added support of logger in welloperational operator.
Hide the hazelcast jet default log using -hzd parameter.</msg><file>bluecardinal-core/src/main/java/com/sigmastream/main/Main.java</file><file>bluecardinal-core/src/main/java/com/sigmastream/pr/operator/MainOperator.java</file><file>bluecardinal-core/src/main/java/com/sigmastream/pr/operator/oes/WellOperationalPipeline.java</file><file>bluecardinal-core/src/main/java/com/sigmastream/pr/processor/oes/BasicEventP.java</file><file>bluecardinal-core/src/main/java/com/sigmastream/pr/processor/oes/CSVBatchDataReaderP.java</file><file>bluecardinal-core/src/main/java/com/sigmastream/pr/processor/oes/DelayedDecisionP.java</file><file>bluecardinal-core/src/main/java/com/sigmastream/pr/processor/oes/StandCalculationP.java</file><file>bluecardinal-core/src/main/java/com/sigmastream/pr/processor/oes/YhWSocketStreamSourceP.java</file><file>bluecardinal-core/src/main/java/com/sigmastream/pr/yh/sink/YhWSocketPublisher.java</file><file>bluecardinal-core/src/main/java/com/sigmastream/pr/yh/source/EventWSocketClientSource.java</file><file>bluecardinal-core/src/main/java/com/sigmastream/pr/yh/source/WSocketClientSource.java</file><file>bluecardinal-core/src/main/resources/log4j.properties</file><file>bluecardinal-engine/logger/log4j.properties</file><parents></parents></changeset>
<changeset node='dfb9a7a8edf14929f4be70ae76f0f7a6d01297ae' author='Parth' rev='858' date='1587054851.0-19800'><msg>Fix the issue of license validation log is not written in log file.</msg><file>bluecardinal-core/src/main/java/com/sigmastream/main/Main.java</file><parents></parents></changeset>
<changeset node='6a378da6b093b730574b23c43f7763fed6611e52' author='Hitesh Panchani' rev='864' date='1587115186.0-19800'><msg>Re-factored build process
Enabled node locked
Removed unwanted files
Added necessary scripts and configuration files</msg><addedFile>bluecardinal-core/config/bluecardinal-client.xml</addedFile><addedFile>bluecardinal-core/config/bluecardinal-engine-full-config.xml</addedFile><addedFile>bluecardinal-core/config/bluecardinal-engine.xml</addedFile><addedFile>bluecardinal-core/config/bluecardinal.xml</addedFile><addedFile>bluecardinal-core/config/config.properties</addedFile><addedFile>bluecardinal-core/config/operator-dataquality.config</addedFile><addedFile>bluecardinal-core/config/operator-friction-test.config</addedFile><addedFile>bluecardinal-core/config/operator-time-accumulator.config</addedFile><addedFile>bluecardinal-core/config/operator-well-operational.config</addedFile><addedFile>bluecardinal-core/config/samples/config.json</addedFile><addedFile>bluecardinal-core/config/samples/operator-SSIndicator.config</addedFile><addedFile>bluecardinal-core/config/samples/operator-back-reaming.config</addedFile><addedFile>bluecardinal-core/config/samples/operator-circulate.config</addedFile><addedFile>bluecardinal-core/config/samples/operator-dataquality.config</addedFile><addedFile>bluecardinal-core/config/samples/operator-drilling-rotary.config</addedFile><addedFile>bluecardinal-core/config/samples/operator-friction-test.config</addedFile><addedFile>bluecardinal-core/config/samples/operator-inslips.config</addedFile><addedFile>bluecardinal-core/config/samples/operator-onoff-bottom.config</addedFile><addedFile>bluecardinal-core/config/samples/operator-pump-in.config</addedFile><addedFile>bluecardinal-core/config/samples/operator-pump-out.config</addedFile><addedFile>bluecardinal-core/config/samples/operator-reaming.config</addedFile><addedFile>bluecardinal-core/config/samples/operator-rotate-circulate.config</addedFile><addedFile>bluecardinal-core/config/samples/operator-rotating-in.config</addedFile><addedFile>bluecardinal-core/config/samples/operator-rotating-out.config</addedFile><addedFile>bluecardinal-core/config/samples/operator-rotating.config</addedFile><addedFile>bluecardinal-core/config/samples/operator-slide-drilling.config</addedFile><addedFile>bluecardinal-core/config/samples/operator-stationary.config</addedFile><addedFile>bluecardinal-core/config/samples/operator-trip-in.config</addedFile><addedFile>bluecardinal-core/config/samples/operator-trip-out.config</addedFile><addedFile>bluecardinal-core/config/samples/operator-well-oe.config</addedFile><addedFile>bluecardinal-core/config/samples/operator-well-operational.config</addedFile><addedFile>bluecardinal-core/config/samples/sample-csv-operator-well-operational_yh.config</addedFile><addedFile>bluecardinal-core/config/samples/time-accumulator.config</addedFile><addedFile>bluecardinal-core/config/samples/yh-operator-well-operational.config</addedFile><addedFile>bluecardinal-core/config/samples/yh-operators-sink.config</addedFile><addedFile>bluecardinal-core/config/samples/yh-source.config</addedFile><addedFile>bluecardinal-core/config/samples/yh-well-oe-sink.config</addedFile><addedFile>bluecardinal-core/project-setup.bat</addedFile><addedFile>bluecardinal-core/project-setup.sh</addedFile><addedFile>bluecardinal-core/scripts/unix/bluecardinal</addedFile><addedFile>bluecardinal-core/scripts/unix/common.sh</addedFile><addedFile>bluecardinal-core/scripts/unix/start-service.sh</addedFile><addedFile>bluecardinal-core/scripts/unix/stop-service.sh</addedFile><addedFile>bluecardinal-core/scripts/win/common.bat</addedFile><addedFile>bluecardinal-core/scripts/win/cpappend.bat</addedFile><addedFile>bluecardinal-core/scripts/win/install-64bit.bat</addedFile><addedFile>bluecardinal-core/scripts/win/start-service.bat</addedFile><addedFile>prod-build.bat</addedFile><addedFile>prod-build.sh</addedFile><deletedFile>bluecardinal-core/setup.bat</deletedFile><deletedFile>bluecardinal-core/setup.sh</deletedFile><deletedFile>bluecardinal-core/src/main/java/com/sigmastream/pr/common/StratUp.java</deletedFile><deletedFile>bluecardinal-engine/bin/common.bat</deletedFile><deletedFile>bluecardinal-engine/bin/common.sh</deletedFile><deletedFile>bluecardinal-engine/bin/cpappend.bat</deletedFile><deletedFile>bluecardinal-engine/bin/start-bc-engine.bat</deletedFile><deletedFile>bluecardinal-engine/bin/start-bc-engine.sh</deletedFile><deletedFile>bluecardinal-engine/bin/start-jetserver-with-operators.bat</deletedFile><deletedFile>bluecardinal-engine/bin/start-jetserver-with-operators.sh</deletedFile><deletedFile>bluecardinal-engine/bin/start-yh-operator.bat</deletedFile><deletedFile>bluecardinal-engine/bin/start-yh-operator.sh</deletedFile><deletedFile>bluecardinal-engine/bin/stop-jet.sh</deletedFile><deletedFile>bluecardinal-engine/config/bluecardinal-client.xml</deletedFile><deletedFile>bluecardinal-engine/config/bluecardinal-engine-full-config.xml</deletedFile><deletedFile>bluecardinal-engine/config/bluecardinal-engine.xml</deletedFile><deletedFile>bluecardinal-engine/config/bluecardinal.xml</deletedFile><deletedFile>bluecardinal-engine/config/config.properties</deletedFile><deletedFile>bluecardinal-engine/config/operator-SSIndicator.config</deletedFile><deletedFile>bluecardinal-engine/config/operator-back-reaming.config</deletedFile><deletedFile>bluecardinal-engine/config/operator-circulate.config</deletedFile><deletedFile>bluecardinal-engine/config/operator-dataquality.config</deletedFile><deletedFile>bluecardinal-engine/config/operator-drilling-rotary.config</deletedFile><deletedFile>bluecardinal-engine/config/operator-friction-test.config</deletedFile><deletedFile>bluecardinal-engine/config/operator-inslips.config</deletedFile><deletedFile>bluecardinal-engine/config/operator-onoff-bottom.config</deletedFile><deletedFile>bluecardinal-engine/config/operator-pump-in.config</deletedFile><deletedFile>bluecardinal-engine/config/operator-pump-out.config</deletedFile><deletedFile>bluecardinal-engine/config/operator-reaming.config</deletedFile><deletedFile>bluecardinal-engine/config/operator-rotate-circulate.config</deletedFile><deletedFile>bluecardinal-engine/config/operator-rotating-in.config</deletedFile><deletedFile>bluecardinal-engine/config/operator-rotating-out.config</deletedFile><deletedFile>bluecardinal-engine/config/operator-rotating.config</deletedFile><deletedFile>bluecardinal-engine/config/operator-slide-drilling.config</deletedFile><deletedFile>bluecardinal-engine/config/operator-stationary.config</deletedFile><deletedFile>bluecardinal-engine/config/operator-trip-in.config</deletedFile><deletedFile>bluecardinal-engine/config/operator-trip-out.config</deletedFile><deletedFile>bluecardinal-engine/config/operator-well-oe.config</deletedFile><deletedFile>bluecardinal-engine/config/operator-well-operational.config</deletedFile><deletedFile>bluecardinal-engine/config/time-accumulator.config</deletedFile><deletedFile>bluecardinal-engine/config/yh-operators-sink.config</deletedFile><deletedFile>bluecardinal-engine/config/yh-source.config</deletedFile><deletedFile>bluecardinal-engine/config/yh-well-oe-sink.config</deletedFile><deletedFile>bluecardinal-engine/logger/log4j.properties</deletedFile><file>.hgignore</file><file>bluecardinal-core/config/bluecardinal-client.xml</file><file>bluecardinal-core/config/bluecardinal-engine-full-config.xml</file><file>bluecardinal-core/config/bluecardinal-engine.xml</file><file>bluecardinal-core/config/bluecardinal.xml</file><file>bluecardinal-core/config/config.properties</file><file>bluecardinal-core/config/operator-dataquality.config</file><file>bluecardinal-core/config/operator-friction-test.config</file><file>bluecardinal-core/config/operator-time-accumulator.config</file><file>bluecardinal-core/config/operator-well-operational.config</file><file>bluecardinal-core/config/samples/config.json</file><file>bluecardinal-core/config/samples/operator-SSIndicator.config</file><file>bluecardinal-core/config/samples/operator-back-reaming.config</file><file>bluecardinal-core/config/samples/operator-circulate.config</file><file>bluecardinal-core/config/samples/operator-dataquality.config</file><file>bluecardinal-core/config/samples/operator-drilling-rotary.config</file><file>bluecardinal-core/config/samples/operator-friction-test.config</file><file>bluecardinal-core/config/samples/operator-inslips.config</file><file>bluecardinal-core/config/samples/operator-onoff-bottom.config</file><file>bluecardinal-core/config/samples/operator-pump-in.config</file><file>bluecardinal-core/config/samples/operator-pump-out.config</file><file>bluecardinal-core/config/samples/operator-reaming.config</file><file>bluecardinal-core/config/samples/operator-rotate-circulate.config</file><file>bluecardinal-core/config/samples/operator-rotating-in.config</file><file>bluecardinal-core/config/samples/operator-rotating-out.config</file><file>bluecardinal-core/config/samples/operator-rotating.config</file><file>bluecardinal-core/config/samples/operator-slide-drilling.config</file><file>bluecardinal-core/config/samples/operator-stationary.config</file><file>bluecardinal-core/config/samples/operator-trip-in.config</file><file>bluecardinal-core/config/samples/operator-trip-out.config</file><file>bluecardinal-core/config/samples/operator-well-oe.config</file><file>bluecardinal-core/config/samples/operator-well-operational.config</file><file>bluecardinal-core/config/samples/sample-csv-operator-well-operational_yh.config</file><file>bluecardinal-core/config/samples/time-accumulator.config</file><file>bluecardinal-core/config/samples/yh-operator-well-operational.config</file><file>bluecardinal-core/config/samples/yh-operators-sink.config</file><file>bluecardinal-core/config/samples/yh-source.config</file><file>bluecardinal-core/config/samples/yh-well-oe-sink.config</file><file>bluecardinal-core/pom.xml</file><file>bluecardinal-core/project-setup.bat</file><file>bluecardinal-core/project-setup.sh</file><file>bluecardinal-core/scripts/unix/bluecardinal</file><file>bluecardinal-core/scripts/unix/common.sh</file><file>bluecardinal-core/scripts/unix/start-service.sh</file><file>bluecardinal-core/scripts/unix/stop-service.sh</file><file>bluecardinal-core/scripts/win/common.bat</file><file>bluecardinal-core/scripts/win/cpappend.bat</file><file>bluecardinal-core/scripts/win/install-64bit.bat</file><file>bluecardinal-core/scripts/win/start-service.bat</file><file>bluecardinal-core/setup.bat</file><file>bluecardinal-core/setup.sh</file><file>bluecardinal-core/src/main/java/com/sigmastream/pr/common/StratUp.java</file><file>bluecardinal-core/src/main/java/com/sigmastream/pr/utils/LicenseKeyValidator.java</file><file>bluecardinal-core/src/main/resources/log4j.properties</file><file>bluecardinal-engine/bin/common.bat</file><file>bluecardinal-engine/bin/common.sh</file><file>bluecardinal-engine/bin/cpappend.bat</file><file>bluecardinal-engine/bin/start-bc-engine.bat</file><file>bluecardinal-engine/bin/start-bc-engine.sh</file><file>bluecardinal-engine/bin/start-jetserver-with-operators.bat</file><file>bluecardinal-engine/bin/start-jetserver-with-operators.sh</file><file>bluecardinal-engine/bin/start-yh-operator.bat</file><file>bluecardinal-engine/bin/start-yh-operator.sh</file><file>bluecardinal-engine/bin/stop-jet.sh</file><file>bluecardinal-engine/config/bluecardinal-client.xml</file><file>bluecardinal-engine/config/bluecardinal-engine-full-config.xml</file><file>bluecardinal-engine/config/bluecardinal-engine.xml</file><file>bluecardinal-engine/config/bluecardinal.xml</file><file>bluecardinal-engine/config/config.properties</file><file>bluecardinal-engine/config/operator-SSIndicator.config</file><file>bluecardinal-engine/config/operator-back-reaming.config</file><file>bluecardinal-engine/config/operator-circulate.config</file><file>bluecardinal-engine/config/operator-dataquality.config</file><file>bluecardinal-engine/config/operator-drilling-rotary.config</file><file>bluecardinal-engine/config/operator-friction-test.config</file><file>bluecardinal-engine/config/operator-inslips.config</file><file>bluecardinal-engine/config/operator-onoff-bottom.config</file><file>bluecardinal-engine/config/operator-pump-in.config</file><file>bluecardinal-engine/config/operator-pump-out.config</file><file>bluecardinal-engine/config/operator-reaming.config</file><file>bluecardinal-engine/config/operator-rotate-circulate.config</file><file>bluecardinal-engine/config/operator-rotating-in.config</file><file>bluecardinal-engine/config/operator-rotating-out.config</file><file>bluecardinal-engine/config/operator-rotating.config</file><file>bluecardinal-engine/config/operator-slide-drilling.config</file><file>bluecardinal-engine/config/operator-stationary.config</file><file>bluecardinal-engine/config/operator-trip-in.config</file><file>bluecardinal-engine/config/operator-trip-out.config</file><file>bluecardinal-engine/config/operator-well-oe.config</file><file>bluecardinal-engine/config/operator-well-operational.config</file><file>bluecardinal-engine/config/time-accumulator.config</file><file>bluecardinal-engine/config/yh-operators-sink.config</file><file>bluecardinal-engine/config/yh-source.config</file><file>bluecardinal-engine/config/yh-well-oe-sink.config</file><file>bluecardinal-engine/logger/log4j.properties</file><file>prod-build.bat</file><file>prod-build.sh</file><parents>858:dfb9a7a8edf1 </parents></changeset>
<changeset node='b64c0e2011a599ebf436388891a43faca1685a7d' author='jenkins-user' rev='881' date='1587565735.0-19800'><msg>changed prod-build scripts path to bluecardinal-core</msg><addedFile>bluecardinal-core/prod-build.bat</addedFile><addedFile>bluecardinal-core/prod-build.sh</addedFile><file>bluecardinal-core/prod-build.bat</file><file>bluecardinal-core/prod-build.sh</file><parents>864:6a378da6b093 </parents></changeset>
</changesets>