<?xml version="1.0" encoding="UTF-8"?>
<changesets>
<changeset node='a76737691f089150cb927d3ca6ff3b89f2731a5d' author='Parth' rev='1076' date='1600356361.0-19800'><msg>Added of Toucanet and BlueCadinal intigration.</msg><addedFile>bluecardinal-core/src/main/java/com/sigmastream/pr/common/IPythonComputingBridge.java</addedFile><addedFile>bluecardinal-core/src/main/java/com/sigmastream/pr/common/PyToucanetCompute.java</addedFile><addedFile>bluecardinal-core/src/main/java/com/sigmastream/pr/common/PythonComputingBridge.java</addedFile><addedFile>bluecardinal-core/src/main/java/com/sigmastream/pr/operator/oes/MLOperationalEventPipeline.java</addedFile><addedFile>bluecardinal-core/src/main/java/com/sigmastream/pr/processor/oes/MLEventP.java</addedFile><file>bluecardinal-core/src/main/java/com/sigmastream/pr/common/BCOperators.java</file><file>bluecardinal-core/src/main/java/com/sigmastream/pr/common/BCSources.java</file><file>bluecardinal-core/src/main/java/com/sigmastream/pr/common/IPythonComputingBridge.java</file><file>bluecardinal-core/src/main/java/com/sigmastream/pr/common/PyToucanetCompute.java</file><file>bluecardinal-core/src/main/java/com/sigmastream/pr/common/PythonComputingBridge.java</file><file>bluecardinal-core/src/main/java/com/sigmastream/pr/operator/oes/MLOperationalEventPipeline.java</file><file>bluecardinal-core/src/main/java/com/sigmastream/pr/processor/oes/MLEventP.java</file><parents></parents></changeset>
<changeset node='29ebdf7e6485f7c475372a7635543f6c419cdbaf' author='Parth' rev='1255' date='1601726374.0-19800'><msg>Refactore the code for intigration for ML algorithm.</msg><file>bluecardinal-core/src/main/java/com/sigmastream/pr/common/PyToucanetCompute.java</file><file>bluecardinal-core/src/main/java/com/sigmastream/pr/processor/oes/MLEventP.java</file><parents>1076:a76737691f08 </parents></changeset>
<changeset node='712398e127cbf6bddf0b6cfd86a6aacffc3d4511' author='Milan' rev='1298' date='1608707639.0-19800'><msg>- Fixed DQ Prodbuild serialization issue.</msg><file>bluecardinal-core/pom.xml</file><parents></parents></changeset>
<changeset node='05a8c0722e659bf95fbc2a259318a756b2c2eef3' author='Parth' rev='1299' date='1609164859.0-19800'><msg>Merge with T8596-ToucanetInitigration</msg><file>bluecardinal-core/src/main/java/com/sigmastream/pr/common/BCOperators.java</file><file>bluecardinal-core/src/main/java/com/sigmastream/pr/common/BCSources.java</file><parents>1298:712398e127cb 1255:29ebdf7e6485 </parents></changeset>
<changeset node='fc6a9175f79cae8fd3eb5306342d84a28e4fac57' author='Parth' rev='1300' date='1609168853.0-19800'><msg>Fix the Compilation issue into the MLOperator.
Fix the serialization issue for ML operator.</msg><file>bluecardinal-core/pom.xml</file><file>bluecardinal-core/src/main/java/com/sigmastream/pr/common/BCOperators.java</file><file>bluecardinal-core/src/main/java/com/sigmastream/pr/operator/oes/MLOperationalEventPipeline.java</file><file>bluecardinal-core/src/main/java/com/sigmastream/pr/processor/oes/MLEventP.java</file><parents></parents></changeset>
<changeset node='ef272a79fbc8db11e750e07f1b1aeb61d64a47cb' author='Parth' rev='1301' date='1609171919.0-19800'><msg>Added dependency for Jep.</msg><addedFile>bluecardinal-core/config/ML-wells_YH.config</addedFile><file>bluecardinal-core/config/ML-wells_YH.config</file><file>bluecardinal-core/pom.xml</file><parents></parents></changeset>
<changeset node='7c535f232afaa915b694b8a7fb0aa8744f72a752' author='Parth' rev='1302' date='1610013138.0-19800'><msg>Fix the intigration issues for the ML operator.</msg><file>bluecardinal-core/src/main/java/com/sigmastream/pr/common/PyToucanetCompute.java</file><file>bluecardinal-core/src/main/java/com/sigmastream/pr/processor/oes/MLEventP.java</file><parents></parents></changeset>
<changeset node='03a936d7f4d97f7fc2fea675ffdcb9e58fa4f90c' author='Parth' rev='1303' date='1610013264.0-19800'><msg>Fix the null pointer exception while running the ML operator.</msg><file>bluecardinal-core/src/main/java/com/sigmastream/pr/processor/oes/YhWSocketStreamSourceP.java</file><parents></parents></changeset>
<changeset node='4e1d28471d0f52ea965132c23079b93e3a6fa205' author='Parth' rev='1304' date='1610351795.0-19800'><msg>Add support to clear the same OEs streaming continously from BlueCardinal to YellowHammer.</msg><addedFile>bluecardinal-core/src/main/java/com/sigmastream/pr/processor/oes/EventCleanerP.java</addedFile><file>bluecardinal-core/src/main/java/com/sigmastream/pr/common/BCSources.java</file><file>bluecardinal-core/src/main/java/com/sigmastream/pr/operator/oes/WellOperationalPipeline.java</file><file>bluecardinal-core/src/main/java/com/sigmastream/pr/processor/oes/EventCleanerP.java</file><parents></parents></changeset>
<changeset node='3463725eb266a50e71cf1c2b40a46f43a7fda00f' author='Parth' rev='1305' date='1610351915.0-19800'><msg>Merge with T9395-StreamingSameOes</msg><parents>1303:03a936d7f4d9 1304:4e1d28471d0f </parents></changeset>
<changeset node='fc26b2340e3e0723cb34462766bbf0d18c785993' author='Milan' rev='1306' date='1611917802.0-19800'><msg>- Refactored output path creation in WellOperationPipeline.</msg><file>bluecardinal-core/src/main/java/com/sigmastream/pr/operator/oes/WellOperationalPipeline.java</file><parents></parents></changeset>
<changeset node='7c316b410be432689b1bf4d95ac1bf288c8ba5f2' author='Milan' rev='1307' date='1611917826.0-19800'><msg>- Refactored output path creation in DataQualityOperator.</msg><file>bluecardinal-core/src/main/java/com/sigmastream/pr/operator/DataQualityOperator.java</file><parents></parents></changeset>
<changeset node='bd6daf955b307971a1492ccc200542f4ec2d9023' author='Milan' rev='1308' date='1612423007.0-19800'><msg>- Added _AppData, _Result, _Cache, _CacheHistory Constants.</msg><file>bluecardinal-core/src/main/java/com/sigmastream/pr/common/BCConstants.java</file><parents></parents></changeset>
<changeset node='38232fa2ddd5db830a71334e5f567ef5947b4919' author='Milan' rev='1309' date='1612423101.0-19800'><msg>Path Changed from State_History to Cache.</msg><file>bluecardinal-core/src/main/java/com/sigmastream/bc/jobs/ProcessorState.java</file><parents></parents></changeset>
<changeset node='adb8df5ffe6eb9686a68a3b58d97b48b8d2b1c9e' author='Milan' rev='1310' date='1612423187.0-19800'><msg>- Refactored code to use AppData Constant.</msg><file>bluecardinal-core/src/main/java/com/sigmastream/bc/jobs/JobConfiguration.java</file><file>bluecardinal-core/src/main/java/com/sigmastream/pr/operator/MainOperator.java</file><file>bluecardinal-core/src/main/java/com/sigmastream/pr/operator/oes/DysfunctionOperator.java</file><parents></parents></changeset>
<changeset node='3a98938fa51af8bb9cddefc07c3271aa30bef50d' author='Milan' rev='1311' date='1612423265.0-19800'><msg>- Refactored Default Output path in OE and DQ operator.</msg><file>bluecardinal-core/src/main/java/com/sigmastream/pr/operator/DataQualityOperator.java</file><file>bluecardinal-core/src/main/java/com/sigmastream/pr/operator/oes/WellOperationalPipeline.java</file><parents></parents></changeset>
<changeset node='11d7ca7686eb4850773e2c5472a397d9dd69320f' author='Milan' rev='1312' date='1612428630.0-19800'><msg>- Create Cache Directory if does&#39;t exist.</msg><file>bluecardinal-core/src/main/java/com/sigmastream/bc/jobs/ProcessorState.java</file><parents></parents></changeset>
</changesets>