<?xml version="1.0" encoding="UTF-8"?>
<changesets>
<changeset node='d7e836283b0ed75616a1004eacb61d316227a6ca' author='Namita' rev='1010' date='1591018402.0-19800'><msg>Remove restriction of selecting regex channels from agent
Fixed issue with populating DataType in device monitor.</msg><file>rc-server/src/main/resources/webapp/js/dashboard/content.js</file><file>rc-server/src/main/resources/webapp/js/section/yhmonitor.js</file><file>rc-yellowhammer-monitor/src/main/java/com/sigmastream/rc/yellowhammer/monitor/YellowHammerMonitor.java</file><parents></parents></changeset>
<changeset node='b3b3bbdf87963e4e3e9271a85f1c319741153ad1' author='Namita' rev='1011' date='1591163984.0-19800'><msg>Fixed issue with parsing regex params if value is blank.</msg><file>rc-yellowhammer-monitor/src/main/java/com/sigmastream/rc/yellowhammer/monitor/YellowHammerMonitor.java</file><parents></parents></changeset>
<changeset node='da733ee4ca7827fee0079cef3ce5944876510c5f' author='Namita' rev='1012' date='1591164032.0-19800'><msg>Merge with CHNLMON-T8013-RegexChannelMonitor</msg><parents>1010:d7e836283b0e 1011:b3b3bbdf8796 </parents></changeset>
</changesets>