<?xml version="1.0" encoding="UTF-8"?>
<changesets>
<changeset node='a47925f632aa044cc7bf737131dadf1f6a419ad1' author='Namita' rev='1025' date='1612338918.0-19800'><msg>Add support to monitor multiple rigs by configuring in multiple monitor in single agent.</msg><file>rc-agent/src/main/java/com/sigmastream/rc/agent/AgentManager.java</file><file>rc-agent/src/main/java/com/sigmastream/rc/agent/MonitorMessageListener.java</file><file>rc-agent/src/main/java/com/sigmastream/rc/agent/wsocket/server/RCWSocketServer.java</file><file>rc-server/src/main/java/com/sigmastream/rc/json/data/DataPushListener.java</file><file>rc-server/src/main/java/com/sigmastream/rc/json/data/MonitorData.java</file><file>rc-server/src/main/java/com/sigmastream/rc/operator/manager/ChannelData.java</file><file>rc-server/src/main/java/com/sigmastream/rc/operator/manager/IOTOperatorManager.java</file><file>rc-server/src/main/java/com/sigmastream/rc/operator/wsocket/client/WSocketClientSink.java</file><file>rc-server/src/main/resources/webapp/js/dashboard/content.js</file><file>rc-server/src/main/resources/webapp/js/section/yhmonitor.js</file><file>rc-yellowhammer-monitor/src/main/java/com/sigmastream/rc/yellowhammer/connection/YhCache.java</file><file>rc-yellowhammer-monitor/src/main/java/com/sigmastream/rc/yellowhammer/connection/YhConnection.java</file><file>rc-yellowhammer-monitor/src/main/java/com/sigmastream/rc/yellowhammer/connection/YhMessageHandler.java</file><file>rc-yellowhammer-monitor/src/main/java/com/sigmastream/rc/yellowhammer/monitor/YellowHammerMonitor.java</file><file>rc-yellowhammer-monitor/src/main/java/com/sigmastream/rc/yellowhammer/monitor/beans/ConnectionParams.java</file><parents></parents></changeset>
<changeset node='2b72da79a44923bc19c8a67a44b6b008bc98820f' author='Namita' rev='1027' date='1612432725.0-19800'><msg>Fixed issue with monitor multiple Rig by single Agent.</msg><file>rc-agent/src/main/java/com/sigmastream/rc/agent/AgentManager.java</file><file>rc-agent/src/main/java/com/sigmastream/rc/agent/wsocket/server/RCWSocketServer.java</file><file>rc-server/src/main/java/com/sigmastream/rc/operator/manager/IOTOperatorManager.java</file><file>rc-yellowhammer-monitor/src/main/java/com/sigmastream/rc/yellowhammer/YhConnectionFactory.java</file><file>rc-yellowhammer-monitor/src/main/java/com/sigmastream/rc/yellowhammer/connection/YhCache.java</file><file>rc-yellowhammer-monitor/src/main/java/com/sigmastream/rc/yellowhammer/connection/YhConnection.java</file><file>rc-yellowhammer-monitor/src/main/java/com/sigmastream/rc/yellowhammer/connection/YhMessageHandler.java</file><file>rc-yellowhammer-monitor/src/main/java/com/sigmastream/rc/yellowhammer/monitor/YellowHammerMonitor.java</file><file>rc-yellowhammer-monitor/src/main/java/com/sigmastream/rc/yellowhammer/rest/YhRestClient.java</file><parents>1025:a47925f632aa </parents></changeset>
<changeset node='8e7a95c64b082c5cfb431316e101b8be27708aab' author='Namita' rev='1028' date='1612433073.0-19800'><msg>Initiated 2.2.1 version</msg><file>build/server/config/config.properties</file><file>rc-agent-monitor-api/pom.xml</file><file>rc-agent/pom.xml</file><file>rc-common/pom.xml</file><file>rc-server/pom.xml</file><file>rc-yellowhammer-monitor/pom.xml</file><parents>1026:c27281d5abb8 </parents></changeset>
<changeset node='9974d8b8c42aad295093bd010548e6a6eb5f295a' author='Namita' rev='1029' date='1612433952.0-19800'><msg>Modified xml.</msg><file>rc-shellscript-monitor/pom.xml</file><file>rc-yellowhammer-monitor/pom.xml</file><parents></parents></changeset>
<changeset node='57ab4ab7af62f934ca539037158776de6609b012' author='Namita' rev='1030' date='1612434232.0-19800'><msg>Merge with RC2.2.1</msg><file>rc-server/src/main/java/com/sigmastream/rc/operator/manager/IOTOperatorManager.java</file><file>rc-yellowhammer-monitor/src/main/java/com/sigmastream/rc/yellowhammer/connection/YhCache.java</file><file>rc-yellowhammer-monitor/src/main/java/com/sigmastream/rc/yellowhammer/connection/YhConnection.java</file><file>rc-yellowhammer-monitor/src/main/java/com/sigmastream/rc/yellowhammer/connection/YhMessageHandler.java</file><file>rc-yellowhammer-monitor/src/main/java/com/sigmastream/rc/yellowhammer/rest/YhRestClient.java</file><parents>1027:2b72da79a449 1029:9974d8b8c42a </parents></changeset>
<changeset node='4421511678a2d9c638703c4a7abd6e38c24b92d7' author='Namita' rev='1031' date='1612434813.0-19800'><msg>Fixed merging conflicts.</msg><file>rc-server/src/main/java/com/sigmastream/rc/operator/manager/IOTOperatorManager.java</file><file>rc-server/src/main/java/com/sigmastream/rc/web/wsocket/client/RCWSocketClient.java</file><file>rc-yellowhammer-monitor/src/main/java/com/sigmastream/rc/yellowhammer/connection/YhCache.java</file><file>rc-yellowhammer-monitor/src/main/java/com/sigmastream/rc/yellowhammer/connection/YhConnection.java</file><file>rc-yellowhammer-monitor/src/main/java/com/sigmastream/rc/yellowhammer/connection/YhMessageHandler.java</file><file>rc-yellowhammer-monitor/src/main/java/com/sigmastream/rc/yellowhammer/rest/YhRestClient.java</file><parents></parents></changeset>
<changeset node='63f882860beb5272cab3d74eddff49297d9c944f' author='Namita' rev='1032' date='1612447804.0-19800'><msg>Fixed issue of not working channel monitor after rig based implementation.</msg><file>rc-server/src/main/resources/webapp/WEB-INF/jsp/dashboard/monitor/parameters.jsp</file><file>rc-server/src/main/resources/webapp/js/section/yhmonitor.js</file><file>rc-yellowhammer-monitor/src/main/java/com/sigmastream/rc/yellowhammer/connection/YhCache.java</file><file>rc-yellowhammer-monitor/src/main/java/com/sigmastream/rc/yellowhammer/connection/YhConnection.java</file><parents></parents></changeset>
<changeset node='cb343de89acb8c2f12916d012d38d44b426141af' author='Namita' rev='1033' date='1612531124.0-19800'><msg>Fixed issue with monitoring if well is stopped in YH and not stopping device on destination YH
Fixed issue with updating shell script monitor.
Added RigName in Shell Script monitor.</msg><file>rc-server/src/main/resources/webapp/WEB-INF/jsp/dashboard/monitor/parameters.jsp</file><file>rc-server/src/main/resources/webapp/js/dashboard/content.js</file><file>rc-yellowhammer-monitor/src/main/java/com/sigmastream/rc/yellowhammer/connection/YhConnection.java</file><file>rc-yellowhammer-monitor/src/main/java/com/sigmastream/rc/yellowhammer/monitor/YellowHammerMonitor.java</file><parents></parents></changeset>
<changeset node='666428b594b6e66d4b56d53bb87929b44c2678c6' author='Namita' rev='1034' date='1612788770.0-19800'><msg>Added implementation to configure Rig as per specified in Shell script monitor.
Added validation message and label on required fields on dynamically</msg><file>rc-agent-monitor-api/src/main/java/com/sigmastream/rc/agent/monitor/api/IMonitor.java</file><file>rc-agent/src/main/java/com/sigmastream/rc/agent/AgentManager.java</file><file>rc-server/src/main/resources/webapp/js/dashboard/content.js</file><file>rc-server/src/main/resources/webapp/js/section/agentinfo.js</file><file>rc-server/src/main/resources/webapp/js/section/yhmonitor.js</file><parents></parents></changeset>
<changeset node='1078af7ed377f23431e24502354e9f10bac55b53' author='Namita' rev='1035' date='1613380100.0-19800'><msg>Merge with DATAPUSH-T9441-MultiRigMonitoring</msg><parents>1029:9974d8b8c42a 1034:666428b594b6 </parents></changeset>
<changeset node='14446db3e930146a8e7f595c365d880b7b4582ad' author='Namita' rev='1036' date='1613380122.0-19800'><msg>Merge with RC2.2.1</msg><parents>1026:c27281d5abb8 1035:1078af7ed377 </parents></changeset>
<changeset node='eede780dd7e6dfa69b69e549a7cedc2c3466a8d7' author='Namita' rev='1037' date='1613475132.0-19800'><msg>Modified restriction to have restartTime in device monitor.</msg><file>rc-yellowhammer-monitor/src/main/java/com/sigmastream/rc/yellowhammer/monitor/YellowHammerMonitor.java</file><file>rc-yellowhammer-monitor/src/main/java/com/sigmastream/rc/yellowhammer/monitor/validator/DeviceDataChecker.java</file><parents></parents></changeset>
<changeset node='0772d76782e095312078960ea54c6bd6e51cdcbd' author='Namita' rev='1038' date='1613560968.0-19800'><msg>Hide Acknowledgement link from mail template as currently no having any idea of who resolved the alert manually through link.So disabled for Chevron release.</msg><file>rc-server/src/main/java/com/sigmastream/rc/utils/SendEmail.java</file><parents></parents></changeset>
<changeset node='021e48ef5bf01c5c388b9eb7e6f1d525e2513b30' author='Namita' rev='1039' date='1613567557.0-19800'><msg>Modified impl. to display acknowledgement link based on config prop. By default, will not be visible.</msg><file>rc-server/src/main/java/com/sigmastream/rc/utils/SendEmail.java</file><parents></parents></changeset>
<changeset node='013042aa65593c94c00368d1696f03b523d52fa0' author='Namita' rev='1040' date='1620718199.0-19800'><msg>Fixed issue of malformedJSON while parsing script execution string.</msg><file>rc-agent/src/main/java/com/sigmastream/rc/utils/EventTimerTask.java</file><file>rc-shellscript-monitor/src/main/java/com/sigmastream/rc/shellscript/monitor/ProcessRunner.java</file><parents></parents></changeset>
<changeset node='3277fc655f75fbebccc9360be59e5fc9e833563d' author='Namita' rev='1041' date='1621953806.0-19800'><msg>Added support of Postgres connectivity.</msg><addedFile>rc-agent/src/main/java/com/sigmastream/rc/agent/data/PostgresDBManager.java</addedFile><addedFile>rc-agent/src/main/java/com/sigmastream/rc/utils/CommonConstants.java</addedFile><addedFile>rc-server/src/main/java/com/sigmastream/rc/core/CommonConstants.java</addedFile><addedFile>rc-server/src/main/java/com/sigmastream/rc/data/PostgresDBManager.java</addedFile><file>build/server/i18n/label_en.properties</file><file>rc-agent/pom.xml</file><file>rc-agent/src/main/java/com/sigmastream/rc/agent/AppManager.java</file><file>rc-agent/src/main/java/com/sigmastream/rc/agent/data/BaseDAO.java</file><file>rc-agent/src/main/java/com/sigmastream/rc/agent/data/PostgresDBManager.java</file><file>rc-agent/src/main/java/com/sigmastream/rc/agent/data/dao/EventLogDAO.java</file><file>rc-agent/src/main/java/com/sigmastream/rc/utils/CommonConstants.java</file><file>rc-server/src/main/java/com/sigmastream/rc/agent/data/AgentBaseDAO.java</file><file>rc-server/src/main/java/com/sigmastream/rc/agent/data/dao/EventLogDAO.java</file><file>rc-server/src/main/java/com/sigmastream/rc/core/AppManager.java</file><file>rc-server/src/main/java/com/sigmastream/rc/core/CommonConstants.java</file><file>rc-server/src/main/java/com/sigmastream/rc/data/BaseDAO.java</file><file>rc-server/src/main/java/com/sigmastream/rc/data/PostgresDBManager.java</file><file>rc-server/src/main/java/com/sigmastream/rc/data/dao/AgentMonitorInfoDAO.java</file><file>rc-server/src/main/java/com/sigmastream/rc/data/dao/RemoteEndPointDAO.java</file><file>rc-yellowhammer-monitor/src/main/java/com/sigmastream/rc/yellowhammer/monitor/YellowHammerMonitor.java</file><parents></parents></changeset>
</changesets>