<?xml version="1.0" encoding="UTF-8"?>
<changesets>
<changeset node='9fdcb3c37eee38405c686bae599ac353ac82ed8f' author='Namita' rev='1042' date='1622468825.0-19800'><msg>Added logs for troubleshoot .</msg><file>rc-agent/src/main/java/com/sigmastream/rc/Main.java</file><file>rc-agent/src/main/java/com/sigmastream/rc/agent/AgentManager.java</file><file>rc-agent/src/main/java/com/sigmastream/rc/agent/MonitorMessageListener.java</file><file>rc-agent/src/main/java/com/sigmastream/rc/agent/data/BaseDAO.java</file><file>rc-agent/src/main/java/com/sigmastream/rc/agent/wsocket/client/RCWSocketClient.java</file><file>rc-server/src/main/java/com/sigmastream/rc/data/dao/AgentMonitorInfoDAO.java</file><file>rc-server/src/main/java/com/sigmastream/rc/json/data/DataPushListener.java</file><file>rc-server/src/main/java/com/sigmastream/rc/json/data/MonitorData.java</file><file>rc-server/src/main/java/com/sigmastream/rc/operator/manager/IOTOperatorManager.java</file><parents></parents></changeset>
</changesets>