<?xml version="1.0" encoding="UTF-8"?>
<changesets>
<changeset node='8beb87d0399a4a234553fe04a5c1949f916ce5f6' author='Sandip Parmar' rev='743' date='1583953116.0-19800'><msg>After outsilp if in slip event occur then it will part of slip to wait.</msg><file>bluecardinal-core/src/main/java/com/sigmastream/pr/processor/oes/ConnectionDetectorP.java</file><parents>729:b8d25209710f </parents></changeset>
<changeset node='ebe19491eee70a64c844b96a3e70be39aaf827be' author='Sandip Parmar' rev='744' date='1583953874.0-19800'><msg>If current event is inSlip and previous event is not stationary, rotate and circulate, rotating then create new connection confirm.</msg><file>bluecardinal-core/src/main/java/com/sigmastream/pr/processor/oes/ConnectionDetectorP.java</file><parents></parents></changeset>
<changeset node='cefac3b62318d21c9860e7aabb9d0cc39bef8d5c' author='Sandip Parmar' rev='745' date='1583953941.0-19800'><msg>Merge with T7706-UnknownEventIssue</msg><parents>744:ebe19491eee7 730:0491acbe05e9 </parents></changeset>
<changeset node='2f9d4fa9b5f4ab9172ef3c5ecfe5ddf6a232656b' author='Sandip Parmar' rev='746' date='1583954328.0-19800'><msg>Update logic cause problem to create unnessary connection.</msg><file>bluecardinal-core/src/main/java/com/sigmastream/pr/processor/oes/ConnectionDetectorP.java</file><parents>744:ebe19491eee7 </parents></changeset>
<changeset node='857daf0834d12a18647eff5120d080b57869c527' author='Sandip Parmar' rev='747' date='1583954654.0-19800'><msg>Merge</msg><parents>746:2f9d4fa9b5f4 745:cefac3b62318 </parents></changeset>
<changeset node='14cfd4fe75671bcf970713168d983bd2d79403a3' author='Sandip Parmar' rev='748' date='1583994942.0-19800'><msg>Fix issue of null pointer exception if current event is BC_NoDataAvailable then ignore the unknownEventcorrention.</msg><file>bluecardinal-core/src/main/java/com/sigmastream/pr/processor/oes/UnknownEventCorrectionP.java</file><parents></parents></changeset>
<changeset node='44c60ed056278b41b052e441433cd3bb1a262999' author='Sandip Parmar' rev='749' date='1584015796.0-19800'><msg>Disable slide assit event.
Differece between Previous connection bitdepth is greater than 10 ft then create new connection.</msg><file>bluecardinal-core/src/main/java/com/sigmastream/pr/common/BCWellOperationalEventsUtils.java</file><file>bluecardinal-core/src/main/java/com/sigmastream/pr/processor/oes/ConnectionDetectorP.java</file><parents></parents></changeset>
<changeset node='93aa76f4d589ff134ef7fc20a3f75971132b8069' author='dpansheriya' rev='750' date='1584033017.0-19800'><msg>Merge with 7588-SubEventIssue</msg><file>bluecardinal-core/src/main/java/com/sigmastream/pr/common/BCWellOperationalEventsUtils.java</file><file>bluecardinal-core/src/main/java/com/sigmastream/pr/processor/oes/ConnectionDetectorP.java</file><parents>749:44c60ed05627 738:da4a8bf76d9f </parents></changeset>
<changeset node='c79cb05e3eee1e4b3cab25a0b3cd66e75e4e7a46' author='Sandip Parmar' rev='751' date='1584038664.0-19800'><msg>Refactor MOE logic.</msg><file>bluecardinal-core/src/main/java/com/sigmastream/pr/processor/oes/ConnectionDetectorP.java</file><parents></parents></changeset>
<changeset node='e87b3123a1ed9444f96ada8b45e6962ea8fef9da' author='Sandip Parmar' rev='752' date='1584093084.0-19800'><msg>If trip-start from the trip-in then detect that trip as single trip.
Fix issue during cementing process ignore stationary event.
Fix issue drilling event is not detected.</msg><file>bluecardinal-core/src/main/java/com/sigmastream/pr/processor/oes/ConnectionDetectorP.java</file><parents></parents></changeset>
<changeset node='c4f5ed280fd1d8f829f6c956ac7f64a39af4f7e1' author='Parth' rev='753' date='1584100664.0-19800'><msg>Fix the issue of at surface event set while inslip is greater than 30 mins and bitdepth is less than 500.</msg><file>bluecardinal-core/src/main/java/com/sigmastream/pr/processor/oes/DelayedDecisionP.java</file><parents>750:93aa76f4d589 </parents></changeset>
<changeset node='887b975d8b701317f243408694f3b5b10d773891' author='Parth' rev='754' date='1584102229.0-19800'><msg>Fix the null pointer while adding inslipconfirm payload into current payload.
handle the no data avaialble event while bitdepth is less than 500.</msg><file>bluecardinal-core/src/main/java/com/sigmastream/pr/processor/oes/DelayedDecisionP.java</file><parents></parents></changeset>
<changeset node='91180a7dccb6a4afdf8f0e3e1230541c31ff1892' author='dpansheriya' rev='755' date='1584107838.0-19800'><msg>Merge with 7588-At Surface</msg><parents>752:e87b3123a1ed 754:887b975d8b70 </parents></changeset>
<changeset node='377b488c085307d12fa1a9395ffbeeeaf0a1fd24' author='Parth' rev='756' date='1584114578.0-19800'><msg>Fix the issue of small stationary while inslip.</msg><file>bluecardinal-core/src/main/java/com/sigmastream/pr/common/BCWellOperationalEventsUtils.java</file><parents>754:887b975d8b70 </parents></changeset>
<changeset node='e9946ccf3f3f12448a6d82ff9e5471f738292ae7' author='dpansheriya' rev='757' date='1584114813.0-19800'><msg>Merge with 7588-At Surface</msg><parents>755:91180a7dccb6 756:377b488c0853 </parents></changeset>
<changeset node='05a4cad4e7dbb645372609dc405f5a5d4f3e8929' author='Sandip Parmar' rev='758' date='1584116678.0-19800'><msg>Refactor MOE logic.</msg><file>bluecardinal-core/src/main/java/com/sigmastream/pr/processor/oes/ConnectionDetectorP.java</file><parents></parents></changeset>
<changeset node='ffb7cf8e2f44d3056072de03541cfa055fa86b00' author='dpansheriya' rev='759' date='1584166477.0-19800'><msg>Improving Inslip detection near surface</msg><file>bluecardinal-core/src/main/java/com/sigmastream/pr/common/BCWellOperationalEventsUtils.java</file><parents>756:377b488c0853 </parents></changeset>
<changeset node='cbb69b9b9ea3e02c25c3e1f97966e3ae1865e0a9' author='Parth' rev='760' date='1584170146.0-19800'><msg>Added previous atsurface cutoff support to handle at surface event.
Added support of NO data avaialble event handle with verify either it&#39;s at surface or not.
Formate changes.</msg><file>bluecardinal-core/src/main/java/com/sigmastream/pr/common/BCWellOperationalEventsUtils.java</file><file>bluecardinal-core/src/main/java/com/sigmastream/pr/processor/oes/DelayedDecisionP.java</file><parents></parents></changeset>
<changeset node='153dabf68fd5d505cbe5daf66ddbee00279a8e2f' author='dpansheriya' rev='761' date='1584178356.0-19800'><msg>Merge with 7588-At Surface</msg><parents>758:05a4cad4e7db 760:cbb69b9b9ea3 </parents></changeset>
<changeset node='2e013683e9d2ef8ef20ed43e3e93dc2f0c05d04d' author='Parth' rev='762' date='1584188816.0-19800'><msg>Fix the wrong event replace while previous event is unknown.</msg><file>bluecardinal-core/src/main/java/com/sigmastream/pr/processor/oes/UnknownEventCorrectionP.java</file><parents>760:cbb69b9b9ea3 </parents></changeset>
<changeset node='cb122c017044a804978ea1bc32599445ce7f4a05' author='dpansheriya' rev='763' date='1584337857.0-19800'><msg>Merge with 7588-At Surface</msg><parents>761:153dabf68fd5 762:2e013683e9d2 </parents></changeset>
<changeset node='7495d0624ffdfbd7d393ed95d7b124560e3e407b' author='Parth' rev='764' date='1584357909.0-19800'><msg>Issue of connection is not detect in proper sequence.</msg><file>bluecardinal-core/src/main/java/com/sigmastream/pr/processor/oes/ConnectionDetectorP.java</file><parents>762:2e013683e9d2 </parents></changeset>
<changeset node='17ffd25aa6abe2b6bc5e72b607ecff45ef20d65c' author='dpansheriya' rev='765' date='1584361301.0-19800'><msg>REspecting confirm to wait for all events during delayed dicision</msg><file>bluecardinal-core/src/main/java/com/sigmastream/pr/processor/oes/ConnectionDetectorP.java</file><file>bluecardinal-core/src/main/java/com/sigmastream/pr/processor/oes/DelayedDecisionP.java</file><parents></parents></changeset>
<changeset node='5cc21b4b8c03e459588b47f4cad8556de729266f' author='Parth' rev='766' date='1584367782.0-19800'><msg>Issue of Outslip is not detect properly.</msg><file>bluecardinal-core/src/main/java/com/sigmastream/pr/processor/oes/ConnectionDetectorP.java</file><file>bluecardinal-core/src/main/java/com/sigmastream/pr/processor/oes/DelayedDecisionP.java</file><parents></parents></changeset>
<changeset node='dbbe53365ec400db29c4149629464059c5ec78a8' author='Sandip Parmar' rev='767' date='1584368302.0-19800'><msg>Update stand calculation logic to calculate proper stand count.</msg><file>bluecardinal-core/src/main/java/com/sigmastream/pr/processor/oes/ConnectionDetectorP.java</file><parents>763:cb122c017044 </parents></changeset>
<changeset node='0042184ca868783c0f98d8a47a2b74e3cc0a8bd7' author='dpansheriya' rev='768' date='1584369786.0-19800'><msg>Fixing Outslip not detected in connection when At surface</msg><file>bluecardinal-core/src/main/java/com/sigmastream/pr/processor/oes/ConnectionDetectorP.java</file><parents>766:5cc21b4b8c03 </parents></changeset>
<changeset node='006dcda5bc558115595061f2b8343da917121295' author='dpansheriya' rev='769' date='1584370430.0-19800'><msg>Adding logic to mark delayed OOH as processed.</msg><file>bluecardinal-core/src/main/java/com/sigmastream/pr/processor/oes/ConnectionDetectorP.java</file><file>bluecardinal-core/src/main/java/com/sigmastream/pr/processor/oes/DelayedDecisionP.java</file><parents></parents></changeset>
<changeset node='5f17020ad50ccbf9da688f0decfdd87c95426803' author='dpansheriya' rev='770' date='1584370646.0-19800'><msg>Fixing comparission issue</msg><file>bluecardinal-core/src/main/java/com/sigmastream/pr/processor/oes/ConnectionDetectorP.java</file><parents></parents></changeset>
<changeset node='ecf2971a76a338c3886c826a421b9b300fea51c6' author='dpansheriya' rev='771' date='1584372971.0-19800'><msg>Merge with 7717-ConnectionDetectionIssue</msg><file>bluecardinal-core/src/main/java/com/sigmastream/pr/processor/oes/ConnectionDetectorP.java</file><parents>767:dbbe53365ec4 770:5f17020ad50c </parents></changeset>
<changeset node='156499af13b6a1944fa37e9d2a7c378b2212d837' author='Parth' rev='772' date='1584373685.0-19800'><msg>Fix the compilation error.</msg><file>bluecardinal-core/src/main/java/com/sigmastream/pr/processor/oes/ConnectionDetectorP.java</file><parents></parents></changeset>
<changeset node='451275c87ef1329d69398f21d3e224f9d7923ea4' author='Parth' rev='773' date='1584376739.0-19800'><msg>Fix the issue of small Inslip event detection.</msg><file>bluecardinal-core/src/main/java/com/sigmastream/pr/common/BCWellOperationalEventsUtils.java</file><parents>770:5f17020ad50c </parents></changeset>
<changeset node='61ad9b53d20e30c96ae42f5c02ec3936b5efde3a' author='dpansheriya' rev='774' date='1584376891.0-19800'><msg>Merge with SmallInslipEventIssue</msg><parents>772:156499af13b6 773:451275c87ef1 </parents></changeset>
<changeset node='42db321c9bd34eb9276e37967c4fe990d614a004' author='Sandip Parmar' rev='775' date='1584408727.0-19800'><msg>Add support outOfhole event into MOE.
Fix issue of inner trip detection.</msg><file>bluecardinal-core/src/main/java/com/sigmastream/pr/common/TrippingEvents.java</file><file>bluecardinal-core/src/main/java/com/sigmastream/pr/processor/oes/ConnectionDetectorP.java</file><parents></parents></changeset>
<changeset node='1c9f4a556c104c2ccfb2fcddfeed3dd3a2bcabc7' author='Sandip Parmar' rev='776' date='1584460434.0-19800'><msg>Refactor trip-stationary event logic.</msg><file>bluecardinal-core/src/main/java/com/sigmastream/pr/processor/oes/ConnectionDetectorP.java</file><parents></parents></changeset>
<changeset node='5d74539e9042815358ea4d2ee00382f4fef79051' author='Sandip Parmar' rev='777' date='1584460686.0-19800'><msg>Comment timeEventCorrection process.</msg><file>bluecardinal-core/src/main/java/com/sigmastream/pr/common/BCWellOECorrection.java</file><parents></parents></changeset>
<changeset node='0d446174065717f1164721add54bd59f29000263' author='Milan' rev='778' date='1584463117.0-19800'><msg>Added support to initialise previous Blockload value using config param &quot;intialBlockLoad&quot;.</msg><file>bluecardinal-core/src/main/java/com/sigmastream/pr/common/BCConnectionSubEventManager.java</file><file>bluecardinal-core/src/main/java/com/sigmastream/pr/common/BCSmallOECorrection.java</file><file>bluecardinal-core/src/main/java/com/sigmastream/pr/common/BCSmallOECorrectionNew.java</file><file>bluecardinal-core/src/main/java/com/sigmastream/pr/common/BCWellOECorrection.java</file><file>bluecardinal-core/src/main/java/com/sigmastream/pr/common/BCWellOETimestampCorrection.java</file><file>bluecardinal-core/src/main/java/com/sigmastream/pr/common/BCWellOperationalEventsUtils.java</file><file>bluecardinal-core/src/main/java/com/sigmastream/pr/operator/oes/WellOperationalPipeline.java</file><file>bluecardinal-core/src/main/java/com/sigmastream/pr/processor/oes/BasicEventP.java</file><file>bluecardinal-core/src/main/java/com/sigmastream/pr/processor/oes/ComplexEventP.java</file><file>bluecardinal-core/src/main/java/com/sigmastream/pr/utils/LicenseKeyValidator.java</file><parents>773:451275c87ef1 </parents></changeset>
<changeset node='4d1527b232afba27c62b2dd2d434d04fa2757433' author='Parth' rev='779' date='1584508915.0-19800'><msg>Revert the licence key changes.</msg><file>bluecardinal-core/src/main/java/com/sigmastream/pr/utils/LicenseKeyValidator.java</file><parents></parents></changeset>
<changeset node='f264a22582689dfe3b6f70ce9441b01e27d79d3e' author='dpansheriya' rev='780' date='1584512173.0-19800'><msg>Merge with SmallInslipEventIssue</msg><parents>776:1c9f4a556c10 778:0d4461740657 </parents></changeset>
<changeset node='6a825f682058436fabb610c9d95e0bf325a48d80' author='dpansheriya' rev='781' date='1584512192.0-19800'><msg>Merge with RefactorMOELogic</msg><file>bluecardinal-core/src/main/java/com/sigmastream/pr/common/BCWellOECorrection.java</file><parents>777:5d74539e9042 780:f264a2258268 </parents></changeset>
<changeset node='34939a3cc9fba0e74e2b1df5d132cb2c71d0614e' author='dpansheriya' rev='782' date='1584551466.0-19800'><msg>Fixing drilling event not ending issue.</msg><file>bluecardinal-core/src/main/java/com/sigmastream/pr/processor/oes/ConnectionDetectorP.java</file><parents>780:f264a2258268 </parents></changeset>
<changeset node='89309c2bf1ff1dba17cc9dddd1d8751985a1add8' author='dpansheriya' rev='783' date='1584551511.0-19800'><msg>Merge with RefactorMOELogic</msg><parents>781:6a825f682058 782:34939a3cc9fb </parents></changeset>
<changeset node='87663ff9bfc762565ac05a194f1e6112be4a0f4b' author='Parth' rev='784' date='1584606375.0-19800'><msg>Fix the small inslip event detection.</msg><file>bluecardinal-core/src/main/java/com/sigmastream/pr/common/BCSmallOECorrectionNew.java</file><parents>779:4d1527b232af </parents></changeset>
<changeset node='189940c6ca7263a2749fa5efbd945e24b0318d1c' author='Parth' rev='785' date='1584607299.0-19800'><msg>Fix the issue of worng payload added in delayed payload for small OE correction.</msg><file>bluecardinal-core/src/main/java/com/sigmastream/pr/common/BCSmallOECorrectionNew.java</file><parents></parents></changeset>
<changeset node='a12bd926e3e030969a85292622681e330c530f5f' author='dpansheriya' rev='786' date='1584607636.0-19800'><msg>Fixing small OE issue when many small OE occurs adjustant to each other</msg><file>bluecardinal-core/src/main/java/com/sigmastream/pr/common/BCSmallOECorrectionNew.java</file><parents></parents></changeset>
<changeset node='cbe9d15e3e42f7444e9599ce7baef32ba5f6a6e5' author='dpansheriya' rev='787' date='1584626990.0-19800'><msg>Reverting Commit 800</msg><file>bluecardinal-core/src/main/java/com/sigmastream/pr/processor/oes/ConnectionDetectorP.java</file><parents>782:34939a3cc9fb </parents></changeset>
<changeset node='40886ad45b9577ff4caf951f0551ba78d7849cc8' author='dpansheriya' rev='788' date='1584627183.0-19800'><msg>Merge with SmallInslipEventIssue</msg><parents>787:cbe9d15e3e42 786:a12bd926e3e0 </parents></changeset>
<changeset node='d5a9777174a50ada432f85e3356b10d28e312770' author='dpansheriya' rev='789' date='1584627196.0-19800'><msg>Merge with RefactorMOELogic</msg><parents>783:89309c2bf1ff 788:40886ad45b95 </parents></changeset>
<changeset node='db53543d33f46ad08351a4c43e38cef1c2a13163' author='Milan' rev='790' date='1584628016.0-19800'><msg>ConnectionSubEventValue: changed access specifier to private
ConnectionDetectorP : absolute time difference increased from 10 to 90.</msg><file>bluecardinal-core/src/main/java/com/sigmastream/pr/beans/ConnectionSubEventValues.java</file><file>bluecardinal-core/src/main/java/com/sigmastream/pr/processor/oes/ConnectionDetectorP.java</file><parents>788:40886ad45b95 </parents></changeset>
<changeset node='092518fd0258c2361383de5a41272b9fa49a9680' author='dpansheriya' rev='791' date='1584630001.0-19800'><msg>Merge with RefactorMOELogic</msg><parents>789:d5a9777174a5 790:db53543d33f4 </parents></changeset>
<changeset node='35cac02ba1f7a6a0d3abbbaadb7060b4db3420cc' author='Milan' rev='792' date='1584640709.0-19800'><msg>Fixed wrong tripIn Detect as tripOut.</msg><file>bluecardinal-core/src/main/java/com/sigmastream/pr/processor/oes/ConnectionDetectorP.java</file><parents>790:db53543d33f4 </parents></changeset>
<changeset node='1468ae1ff899b472485b5c2c8843bab1be3e0f7e' author='Milan' rev='793' date='1584642121.0-19800'><msg>Commented bracket.</msg><file>bluecardinal-core/src/main/java/com/sigmastream/pr/processor/oes/ConnectionDetectorP.java</file><parents></parents></changeset>
<changeset node='5912c5d4afcbe10850b8bc67b02c4cc7c40dcb4d' author='Milan' rev='794' date='1584737532.0-19800'><msg>Added MOEDebuggerOperator, StreamSimulatorP
configParser added in CommonUtils.</msg><addedFile>bluecardinal-core/src/main/java/com/sigmastream/pr/processor/oes/MOEDebugOperator.java</addedFile><addedFile>bluecardinal-core/src/main/java/com/sigmastream/pr/processor/oes/StreamSimulatorP.java</addedFile><file>bluecardinal-core/src/main/java/com/sigmastream/pr/common/BCSources.java</file><file>bluecardinal-core/src/main/java/com/sigmastream/pr/common/CommonUtils.java</file><file>bluecardinal-core/src/main/java/com/sigmastream/pr/processor/oes/MOEDebugOperator.java</file><file>bluecardinal-core/src/main/java/com/sigmastream/pr/processor/oes/StreamSimulatorP.java</file><parents></parents></changeset>
<changeset node='f9b57f12e59afeb1f1185a5533a5931ddc55faec' author='dpansheriya' rev='795' date='1584778385.0-19800'><msg>Fixing number parsing issue</msg><file>bluecardinal-core/src/main/java/com/sigmastream/pr/processor/oes/StreamSimulatorP.java</file><parents></parents></changeset>
<changeset node='83ed449b534acf7736a66a99a797735a43c9ce85' author='Milan' rev='796' date='1584780696.0-19800'><msg>Added log4j.</msg><file>bluecardinal-core/src/main/java/com/sigmastream/pr/processor/oes/MOEDebugOperator.java</file><parents></parents></changeset>
<changeset node='026170dd5264261357e997f25bb8125abe96ed09' author='Milan' rev='797' date='1584911369.0-19800'><msg>fixed wrong tirpOut, wrong drilling, outof order timestamp in tring_data.csv</msg><file>bluecardinal-core/src/main/java/com/sigmastream/pr/processor/oes/ConnectionDetectorP.java</file><parents></parents></changeset>
<changeset node='93bc82b212a36a894867144d60d375f010e5a188' author='dpansheriya' rev='798' date='1584941123.0-19800'><msg>Merge with MOEcorrection</msg><parents>791:092518fd0258 797:026170dd5264 </parents></changeset>
<changeset node='2f9bf2c1d0a9120ad09db06395f6fc546d6f837d' author='Milan' rev='799' date='1585051316.0-19800'><msg>fixed tripOutstartTime</msg><file>bluecardinal-core/src/main/java/com/sigmastream/pr/processor/oes/ConnectionDetectorP.java</file><parents>797:026170dd5264 </parents></changeset>
<changeset node='a8c9dd31cd56995f7718446295a8f9a42c6167e6' author='Milan' rev='800' date='1585051384.0-19800'><msg>Merge with MOEcorrection</msg><parents>798:93bc82b212a3 799:2f9bf2c1d0a9 </parents></changeset>
<changeset node='3ad06bf60b17dabb925777d947d6cbeef1eb9b2f' author='Milan' rev='801' date='1585082011.0-19800'><msg>Fixed TripLogic inside casing.</msg><file>bluecardinal-core/src/main/java/com/sigmastream/pr/processor/oes/ConnectionDetectorP.java</file><parents>799:2f9bf2c1d0a9 </parents></changeset>
<changeset node='3a437feb317b43e3458b02c9d47ecd18a3903caa' author='Parth' rev='802' date='1585229095.0-19800'><msg>Fix the small event issue.</msg><file>bluecardinal-core/src/main/java/com/sigmastream/pr/common/BCSmallOECorrectionNew.java</file><parents>800:a8c9dd31cd56 </parents></changeset>
<changeset node='17c246bcf24b71ef5c8a1d59a60559734b912221' author='Milan' rev='803' date='1585242301.0-19800'><msg>Reverting MOEcorrection changes to reduce regressions.</msg><file>bluecardinal-core/src/main/java/com/sigmastream/pr/processor/oes/ConnectionDetectorP.java</file><parents>801:3ad06bf60b17 </parents></changeset>
<changeset node='cf2dbc7a88b111293e3936235a6435dd8214cb9d' author='dpansheriya' rev='804' date='1585245833.0-19800'><msg>Merge with MOEcorrection</msg><parents>802:3a437feb317b 803:17c246bcf24b </parents></changeset>
<changeset node='24daafc133c4a6913f1d3ad13de4ba00ccfcc92a' author='Parth' rev='805' date='1585312417.0-19800'><msg>Fix the issue where inslip detected and hookload is high.</msg><file>bluecardinal-core/src/main/java/com/sigmastream/pr/common/BCWellOperationalEventsUtils.java</file><parents></parents></changeset>
<changeset node='f6d1b0f204924c310b4067f8661f2ee202e53177' author='Parth' rev='806' date='1585324087.0-19800'><msg>Change the condition to handle the inslip event with high hookload.
Handle the inslip event while correct the unknown event.</msg><file>bluecardinal-core/src/main/java/com/sigmastream/pr/common/BCWellOperationalEventsUtils.java</file><file>bluecardinal-core/src/main/java/com/sigmastream/pr/processor/oes/UnknownEventCorrectionP.java</file><parents></parents></changeset>
<changeset node='688e0f7a0c384c225b3dd33549be0b5d280cab44' author='Parth' rev='807' date='1585416639.0-19800'><msg>Remove the OE correction part in pipeline.</msg><file>bluecardinal-core/src/main/java/com/sigmastream/pr/common/BCWellOECorrection.java</file><file>bluecardinal-core/src/main/java/com/sigmastream/pr/processor/oes/UnknownEventCorrectionP.java</file><parents></parents></changeset>
<changeset node='a5f21f63a14adfc14c11fcca208e7e815a414339' author='Parth' rev='808' date='1585669456.0-19800'><msg>Add support to enable th autoblockload calculation support ot not.</msg><file>bluecardinal-core/src/main/java/com/sigmastream/pr/common/BCConnectionSubEventManager.java</file><file>bluecardinal-core/src/main/java/com/sigmastream/pr/common/BCSmallOECorrection.java</file><file>bluecardinal-core/src/main/java/com/sigmastream/pr/common/BCSmallOECorrectionNew.java</file><file>bluecardinal-core/src/main/java/com/sigmastream/pr/common/BCSources.java</file><file>bluecardinal-core/src/main/java/com/sigmastream/pr/common/BCWellOETimestampCorrection.java</file><file>bluecardinal-core/src/main/java/com/sigmastream/pr/common/BCWellOperationalEventsUtils.java</file><file>bluecardinal-core/src/main/java/com/sigmastream/pr/processor/oes/BasicEventP.java</file><file>bluecardinal-core/src/main/java/com/sigmastream/pr/processor/oes/ComplexEventP.java</file><parents></parents></changeset>
<changeset node='0d60ace6d39278d52c3c8b4e0d3036f5cdf2047f' author='Parth' rev='809' date='1585749076.0-19800'><msg>Revert the Inslip condition for inslip issue.</msg><file>bluecardinal-core/src/main/java/com/sigmastream/pr/common/BCWellOperationalEventsUtils.java</file><parents></parents></changeset>
<changeset node='078a03ec57d0dbee7821616845fdbee344eb2acf' author='Parth' rev='810' date='1585755669.0-19800'><msg>Fix the issue of wrong inslip detected instead of at surface event.</msg><file>bluecardinal-core/src/main/java/com/sigmastream/pr/common/BCWellOperationalEventsUtils.java</file><parents></parents></changeset>
<changeset node='229d3bc355a47fc25b5e0d8d411d64da569019f3' author='Milan' rev='811' date='1587040605.0-19800'><msg>Added Log statements.
Refactored Data Quality Operator.</msg><file>bluecardinal-core/src/main/java/com/sigmastream/bc/dataquality/ChannelQualityMonitor.java</file><file>bluecardinal-core/src/main/java/com/sigmastream/bc/dataquality/ChannelStatastics.java</file><file>bluecardinal-core/src/main/java/com/sigmastream/bc/dataquality/DeviceQualityMonitor.java</file><file>bluecardinal-core/src/main/java/com/sigmastream/bc/dataquality/DeviceStatistics.java</file><file>bluecardinal-core/src/main/java/com/sigmastream/bc/dataquality/WellQualityMonitor.java</file><file>bluecardinal-core/src/main/java/com/sigmastream/bc/dataquality/WellStatistics.java</file><file>bluecardinal-core/src/main/java/com/sigmastream/pr/operator/DataQualityOperator.java</file><file>bluecardinal-core/src/main/java/com/sigmastream/pr/processor/DataQualityP.java</file><parents></parents></changeset>
<changeset node='64cb83da1b020e6534778bc99bf53b27300d1ea7' author='Milan' rev='812' date='1587045087.0-19800'><msg>Added Log statements.
changed log Level info to debug in emitTrippingCurrentStage function.</msg><file>bluecardinal-core/src/main/java/com/sigmastream/pr/processor/oes/ConnectionDetectorP.java</file><parents></parents></changeset>
<changeset node='fbdf88e9219a38870857b1f2dbf05db91586b019' author='Parth' rev='813' date='1587047707.0-19800'><msg>Added support of logger in welloperational operator.
Hide the hazelcast jet default log using -hzd parameter.</msg><file>bluecardinal-core/src/main/java/com/sigmastream/main/Main.java</file><file>bluecardinal-core/src/main/java/com/sigmastream/pr/operator/MainOperator.java</file><file>bluecardinal-core/src/main/java/com/sigmastream/pr/operator/oes/WellOperationalPipeline.java</file><file>bluecardinal-core/src/main/java/com/sigmastream/pr/processor/oes/BasicEventP.java</file><file>bluecardinal-core/src/main/java/com/sigmastream/pr/processor/oes/CSVBatchDataReaderP.java</file><file>bluecardinal-core/src/main/java/com/sigmastream/pr/processor/oes/DelayedDecisionP.java</file><file>bluecardinal-core/src/main/java/com/sigmastream/pr/processor/oes/StandCalculationP.java</file><file>bluecardinal-core/src/main/java/com/sigmastream/pr/processor/oes/YhWSocketStreamSourceP.java</file><file>bluecardinal-core/src/main/java/com/sigmastream/pr/yh/sink/YhWSocketPublisher.java</file><file>bluecardinal-core/src/main/java/com/sigmastream/pr/yh/source/EventWSocketClientSource.java</file><file>bluecardinal-core/src/main/java/com/sigmastream/pr/yh/source/WSocketClientSource.java</file><file>bluecardinal-core/src/main/resources/log4j.properties</file><file>bluecardinal-engine/logger/log4j.properties</file><parents></parents></changeset>
<changeset node='dfb9a7a8edf14929f4be70ae76f0f7a6d01297ae' author='Parth' rev='814' date='1587054851.0-19800'><msg>Fix the issue of license validation log is not written in log file.</msg><file>bluecardinal-core/src/main/java/com/sigmastream/main/Main.java</file><parents></parents></changeset>
<changeset node='6a378da6b093b730574b23c43f7763fed6611e52' author='Hitesh Panchani' rev='815' date='1587115186.0-19800'><msg>Re-factored build process
Enabled node locked
Removed unwanted files
Added necessary scripts and configuration files</msg><addedFile>bluecardinal-core/config/bluecardinal-client.xml</addedFile><addedFile>bluecardinal-core/config/bluecardinal-engine-full-config.xml</addedFile><addedFile>bluecardinal-core/config/bluecardinal-engine.xml</addedFile><addedFile>bluecardinal-core/config/bluecardinal.xml</addedFile><addedFile>bluecardinal-core/config/config.properties</addedFile><addedFile>bluecardinal-core/config/operator-dataquality.config</addedFile><addedFile>bluecardinal-core/config/operator-friction-test.config</addedFile><addedFile>bluecardinal-core/config/operator-time-accumulator.config</addedFile><addedFile>bluecardinal-core/config/operator-well-operational.config</addedFile><addedFile>bluecardinal-core/config/samples/config.json</addedFile><addedFile>bluecardinal-core/config/samples/operator-SSIndicator.config</addedFile><addedFile>bluecardinal-core/config/samples/operator-back-reaming.config</addedFile><addedFile>bluecardinal-core/config/samples/operator-circulate.config</addedFile><addedFile>bluecardinal-core/config/samples/operator-dataquality.config</addedFile><addedFile>bluecardinal-core/config/samples/operator-drilling-rotary.config</addedFile><addedFile>bluecardinal-core/config/samples/operator-friction-test.config</addedFile><addedFile>bluecardinal-core/config/samples/operator-inslips.config</addedFile><addedFile>bluecardinal-core/config/samples/operator-onoff-bottom.config</addedFile><addedFile>bluecardinal-core/config/samples/operator-pump-in.config</addedFile><addedFile>bluecardinal-core/config/samples/operator-pump-out.config</addedFile><addedFile>bluecardinal-core/config/samples/operator-reaming.config</addedFile><addedFile>bluecardinal-core/config/samples/operator-rotate-circulate.config</addedFile><addedFile>bluecardinal-core/config/samples/operator-rotating-in.config</addedFile><addedFile>bluecardinal-core/config/samples/operator-rotating-out.config</addedFile><addedFile>bluecardinal-core/config/samples/operator-rotating.config</addedFile><addedFile>bluecardinal-core/config/samples/operator-slide-drilling.config</addedFile><addedFile>bluecardinal-core/config/samples/operator-stationary.config</addedFile><addedFile>bluecardinal-core/config/samples/operator-trip-in.config</addedFile><addedFile>bluecardinal-core/config/samples/operator-trip-out.config</addedFile><addedFile>bluecardinal-core/config/samples/operator-well-oe.config</addedFile><addedFile>bluecardinal-core/config/samples/operator-well-operational.config</addedFile><addedFile>bluecardinal-core/config/samples/sample-csv-operator-well-operational_yh.config</addedFile><addedFile>bluecardinal-core/config/samples/time-accumulator.config</addedFile><addedFile>bluecardinal-core/config/samples/yh-operator-well-operational.config</addedFile><addedFile>bluecardinal-core/config/samples/yh-operators-sink.config</addedFile><addedFile>bluecardinal-core/config/samples/yh-source.config</addedFile><addedFile>bluecardinal-core/config/samples/yh-well-oe-sink.config</addedFile><addedFile>bluecardinal-core/project-setup.bat</addedFile><addedFile>bluecardinal-core/project-setup.sh</addedFile><addedFile>bluecardinal-core/scripts/unix/bluecardinal</addedFile><addedFile>bluecardinal-core/scripts/unix/common.sh</addedFile><addedFile>bluecardinal-core/scripts/unix/start-service.sh</addedFile><addedFile>bluecardinal-core/scripts/unix/stop-service.sh</addedFile><addedFile>bluecardinal-core/scripts/win/common.bat</addedFile><addedFile>bluecardinal-core/scripts/win/cpappend.bat</addedFile><addedFile>bluecardinal-core/scripts/win/install-64bit.bat</addedFile><addedFile>bluecardinal-core/scripts/win/start-service.bat</addedFile><addedFile>prod-build.bat</addedFile><addedFile>prod-build.sh</addedFile><deletedFile>bluecardinal-core/setup.bat</deletedFile><deletedFile>bluecardinal-core/setup.sh</deletedFile><deletedFile>bluecardinal-core/src/main/java/com/sigmastream/pr/common/StratUp.java</deletedFile><deletedFile>bluecardinal-engine/bin/common.bat</deletedFile><deletedFile>bluecardinal-engine/bin/common.sh</deletedFile><deletedFile>bluecardinal-engine/bin/cpappend.bat</deletedFile><deletedFile>bluecardinal-engine/bin/start-bc-engine.bat</deletedFile><deletedFile>bluecardinal-engine/bin/start-bc-engine.sh</deletedFile><deletedFile>bluecardinal-engine/bin/start-jetserver-with-operators.bat</deletedFile><deletedFile>bluecardinal-engine/bin/start-jetserver-with-operators.sh</deletedFile><deletedFile>bluecardinal-engine/bin/start-yh-operator.bat</deletedFile><deletedFile>bluecardinal-engine/bin/start-yh-operator.sh</deletedFile><deletedFile>bluecardinal-engine/bin/stop-jet.sh</deletedFile><deletedFile>bluecardinal-engine/config/bluecardinal-client.xml</deletedFile><deletedFile>bluecardinal-engine/config/bluecardinal-engine-full-config.xml</deletedFile><deletedFile>bluecardinal-engine/config/bluecardinal-engine.xml</deletedFile><deletedFile>bluecardinal-engine/config/bluecardinal.xml</deletedFile><deletedFile>bluecardinal-engine/config/config.properties</deletedFile><deletedFile>bluecardinal-engine/config/operator-SSIndicator.config</deletedFile><deletedFile>bluecardinal-engine/config/operator-back-reaming.config</deletedFile><deletedFile>bluecardinal-engine/config/operator-circulate.config</deletedFile><deletedFile>bluecardinal-engine/config/operator-dataquality.config</deletedFile><deletedFile>bluecardinal-engine/config/operator-drilling-rotary.config</deletedFile><deletedFile>bluecardinal-engine/config/operator-friction-test.config</deletedFile><deletedFile>bluecardinal-engine/config/operator-inslips.config</deletedFile><deletedFile>bluecardinal-engine/config/operator-onoff-bottom.config</deletedFile><deletedFile>bluecardinal-engine/config/operator-pump-in.config</deletedFile><deletedFile>bluecardinal-engine/config/operator-pump-out.config</deletedFile><deletedFile>bluecardinal-engine/config/operator-reaming.config</deletedFile><deletedFile>bluecardinal-engine/config/operator-rotate-circulate.config</deletedFile><deletedFile>bluecardinal-engine/config/operator-rotating-in.config</deletedFile><deletedFile>bluecardinal-engine/config/operator-rotating-out.config</deletedFile><deletedFile>bluecardinal-engine/config/operator-rotating.config</deletedFile><deletedFile>bluecardinal-engine/config/operator-slide-drilling.config</deletedFile><deletedFile>bluecardinal-engine/config/operator-stationary.config</deletedFile><deletedFile>bluecardinal-engine/config/operator-trip-in.config</deletedFile><deletedFile>bluecardinal-engine/config/operator-trip-out.config</deletedFile><deletedFile>bluecardinal-engine/config/operator-well-oe.config</deletedFile><deletedFile>bluecardinal-engine/config/operator-well-operational.config</deletedFile><deletedFile>bluecardinal-engine/config/time-accumulator.config</deletedFile><deletedFile>bluecardinal-engine/config/yh-operators-sink.config</deletedFile><deletedFile>bluecardinal-engine/config/yh-source.config</deletedFile><deletedFile>bluecardinal-engine/config/yh-well-oe-sink.config</deletedFile><deletedFile>bluecardinal-engine/logger/log4j.properties</deletedFile><file>.hgignore</file><file>bluecardinal-core/config/bluecardinal-client.xml</file><file>bluecardinal-core/config/bluecardinal-engine-full-config.xml</file><file>bluecardinal-core/config/bluecardinal-engine.xml</file><file>bluecardinal-core/config/bluecardinal.xml</file><file>bluecardinal-core/config/config.properties</file><file>bluecardinal-core/config/operator-dataquality.config</file><file>bluecardinal-core/config/operator-friction-test.config</file><file>bluecardinal-core/config/operator-time-accumulator.config</file><file>bluecardinal-core/config/operator-well-operational.config</file><file>bluecardinal-core/config/samples/config.json</file><file>bluecardinal-core/config/samples/operator-SSIndicator.config</file><file>bluecardinal-core/config/samples/operator-back-reaming.config</file><file>bluecardinal-core/config/samples/operator-circulate.config</file><file>bluecardinal-core/config/samples/operator-dataquality.config</file><file>bluecardinal-core/config/samples/operator-drilling-rotary.config</file><file>bluecardinal-core/config/samples/operator-friction-test.config</file><file>bluecardinal-core/config/samples/operator-inslips.config</file><file>bluecardinal-core/config/samples/operator-onoff-bottom.config</file><file>bluecardinal-core/config/samples/operator-pump-in.config</file><file>bluecardinal-core/config/samples/operator-pump-out.config</file><file>bluecardinal-core/config/samples/operator-reaming.config</file><file>bluecardinal-core/config/samples/operator-rotate-circulate.config</file><file>bluecardinal-core/config/samples/operator-rotating-in.config</file><file>bluecardinal-core/config/samples/operator-rotating-out.config</file><file>bluecardinal-core/config/samples/operator-rotating.config</file><file>bluecardinal-core/config/samples/operator-slide-drilling.config</file><file>bluecardinal-core/config/samples/operator-stationary.config</file><file>bluecardinal-core/config/samples/operator-trip-in.config</file><file>bluecardinal-core/config/samples/operator-trip-out.config</file><file>bluecardinal-core/config/samples/operator-well-oe.config</file><file>bluecardinal-core/config/samples/operator-well-operational.config</file><file>bluecardinal-core/config/samples/sample-csv-operator-well-operational_yh.config</file><file>bluecardinal-core/config/samples/time-accumulator.config</file><file>bluecardinal-core/config/samples/yh-operator-well-operational.config</file><file>bluecardinal-core/config/samples/yh-operators-sink.config</file><file>bluecardinal-core/config/samples/yh-source.config</file><file>bluecardinal-core/config/samples/yh-well-oe-sink.config</file><file>bluecardinal-core/pom.xml</file><file>bluecardinal-core/project-setup.bat</file><file>bluecardinal-core/project-setup.sh</file><file>bluecardinal-core/scripts/unix/bluecardinal</file><file>bluecardinal-core/scripts/unix/common.sh</file><file>bluecardinal-core/scripts/unix/start-service.sh</file><file>bluecardinal-core/scripts/unix/stop-service.sh</file><file>bluecardinal-core/scripts/win/common.bat</file><file>bluecardinal-core/scripts/win/cpappend.bat</file><file>bluecardinal-core/scripts/win/install-64bit.bat</file><file>bluecardinal-core/scripts/win/start-service.bat</file><file>bluecardinal-core/setup.bat</file><file>bluecardinal-core/setup.sh</file><file>bluecardinal-core/src/main/java/com/sigmastream/pr/common/StratUp.java</file><file>bluecardinal-core/src/main/java/com/sigmastream/pr/utils/LicenseKeyValidator.java</file><file>bluecardinal-core/src/main/resources/log4j.properties</file><file>bluecardinal-engine/bin/common.bat</file><file>bluecardinal-engine/bin/common.sh</file><file>bluecardinal-engine/bin/cpappend.bat</file><file>bluecardinal-engine/bin/start-bc-engine.bat</file><file>bluecardinal-engine/bin/start-bc-engine.sh</file><file>bluecardinal-engine/bin/start-jetserver-with-operators.bat</file><file>bluecardinal-engine/bin/start-jetserver-with-operators.sh</file><file>bluecardinal-engine/bin/start-yh-operator.bat</file><file>bluecardinal-engine/bin/start-yh-operator.sh</file><file>bluecardinal-engine/bin/stop-jet.sh</file><file>bluecardinal-engine/config/bluecardinal-client.xml</file><file>bluecardinal-engine/config/bluecardinal-engine-full-config.xml</file><file>bluecardinal-engine/config/bluecardinal-engine.xml</file><file>bluecardinal-engine/config/bluecardinal.xml</file><file>bluecardinal-engine/config/config.properties</file><file>bluecardinal-engine/config/operator-SSIndicator.config</file><file>bluecardinal-engine/config/operator-back-reaming.config</file><file>bluecardinal-engine/config/operator-circulate.config</file><file>bluecardinal-engine/config/operator-dataquality.config</file><file>bluecardinal-engine/config/operator-drilling-rotary.config</file><file>bluecardinal-engine/config/operator-friction-test.config</file><file>bluecardinal-engine/config/operator-inslips.config</file><file>bluecardinal-engine/config/operator-onoff-bottom.config</file><file>bluecardinal-engine/config/operator-pump-in.config</file><file>bluecardinal-engine/config/operator-pump-out.config</file><file>bluecardinal-engine/config/operator-reaming.config</file><file>bluecardinal-engine/config/operator-rotate-circulate.config</file><file>bluecardinal-engine/config/operator-rotating-in.config</file><file>bluecardinal-engine/config/operator-rotating-out.config</file><file>bluecardinal-engine/config/operator-rotating.config</file><file>bluecardinal-engine/config/operator-slide-drilling.config</file><file>bluecardinal-engine/config/operator-stationary.config</file><file>bluecardinal-engine/config/operator-trip-in.config</file><file>bluecardinal-engine/config/operator-trip-out.config</file><file>bluecardinal-engine/config/operator-well-oe.config</file><file>bluecardinal-engine/config/operator-well-operational.config</file><file>bluecardinal-engine/config/time-accumulator.config</file><file>bluecardinal-engine/config/yh-operators-sink.config</file><file>bluecardinal-engine/config/yh-source.config</file><file>bluecardinal-engine/config/yh-well-oe-sink.config</file><file>bluecardinal-engine/logger/log4j.properties</file><file>prod-build.bat</file><file>prod-build.sh</file><parents></parents></changeset>
<changeset node='b64c0e2011a599ebf436388891a43faca1685a7d' author='jenkins-user' rev='816' date='1587565735.0-19800'><msg>changed prod-build scripts path to bluecardinal-core</msg><addedFile>bluecardinal-core/prod-build.bat</addedFile><addedFile>bluecardinal-core/prod-build.sh</addedFile><file>bluecardinal-core/prod-build.bat</file><file>bluecardinal-core/prod-build.sh</file><parents></parents></changeset>
<changeset node='bcdfb109fadfe7103c30b0729a1b7b6963506f56' author='Milan' rev='838' date='1585598694.0-19800'><msg>Added TripDetectorP
Fixed File Appender in log4j.</msg><addedFile>bluecardinal-core/src/main/java/com/sigmastream/pr/common/MajorOperationalEventState.java</addedFile><addedFile>bluecardinal-core/src/main/java/com/sigmastream/pr/common/MajorOperationalEventStateComparator.java</addedFile><addedFile>bluecardinal-core/src/main/java/com/sigmastream/pr/common/StateType.java</addedFile><addedFile>bluecardinal-core/src/main/java/com/sigmastream/pr/processor/oes/TripDetectorP.java</addedFile><file>bluecardinal-core/src/main/java/com/sigmastream/pr/common/BCSources.java</file><file>bluecardinal-core/src/main/java/com/sigmastream/pr/common/MajorOperationalEventState.java</file><file>bluecardinal-core/src/main/java/com/sigmastream/pr/common/MajorOperationalEventStateComparator.java</file><file>bluecardinal-core/src/main/java/com/sigmastream/pr/common/StateType.java</file><file>bluecardinal-core/src/main/java/com/sigmastream/pr/processor/oes/MOEDebugOperator.java</file><file>bluecardinal-core/src/main/java/com/sigmastream/pr/processor/oes/StreamSimulatorP.java</file><file>bluecardinal-core/src/main/java/com/sigmastream/pr/processor/oes/TripDetectorP.java</file><file>bluecardinal-engine/logger/log4j.properties</file><parents>807:688e0f7a0c38 </parents></changeset>
<changeset node='c1075aa1282369b89cd45bd14120775ea42021f4' author='Milan' rev='839' date='1585641611.0-19800'><msg>Fixed Stationary MOE</msg><file>bluecardinal-core/src/main/java/com/sigmastream/pr/processor/oes/TripDetectorP.java</file><parents></parents></changeset>
<changeset node='57ba7368346e5f3038b4d09164ec491f7d056b23' author='Parth' rev='840' date='1585839124.0-19800'><msg>Fix the issue of prevAtSurfaceBitDepth value is never set.</msg><file>bluecardinal-core/src/main/java/com/sigmastream/pr/processor/oes/DelayedDecisionP.java</file><parents>810:078a03ec57d0 </parents></changeset>
<changeset node='8594f02a55e441868a169729960ba2975343d5ef' author='Milan' rev='841' date='1585840661.0-19800'><msg>Added support of At Surface Event.
Added StandStatInfo to save Stand State.
Implemeted TODOs to Emit MOE into down stage stream.
Refactored Staionary logic.
Fixed Drilling and other Miscellanious Event Errors.
Fixed Typo holeDepth.</msg><file>bluecardinal-core/src/main/java/com/sigmastream/pr/common/MajorOperationalEventState.java</file><file>bluecardinal-core/src/main/java/com/sigmastream/pr/processor/oes/TripDetectorP.java</file><parents>839:c1075aa12823 </parents></changeset>
<changeset node='797e79eb25e6f3fb5b02f423944d30a1803d32d0' author='Milan' rev='842' date='1586202642.0-19800'><msg>Added isUnKnownOrUnDefine filter
Added standInfoReset
Added isBitDepthAdjust
Liner and Casing MOE added.
Refactor code.</msg><file>bluecardinal-core/src/main/java/com/sigmastream/pr/common/MajorOperationalEventState.java</file><file>bluecardinal-core/src/main/java/com/sigmastream/pr/processor/oes/TripDetectorP.java</file><parents></parents></changeset>
<changeset node='37845a21538cc5192a586fbbc560bfefd0153305' author='Parth' rev='843' date='1586276123.0-19800'><msg>Fix the issue of drilling not detected properly.</msg><file>bluecardinal-core/src/main/java/com/sigmastream/pr/common/BCWellOperationalEventsUtils.java</file><parents>840:57ba7368346e </parents></changeset>
<changeset node='cedc0b0b420e0baf34fc7ae8c330a27334a2e7ed' author='Parth' rev='844' date='1586355157.0-19800'><msg>Fix the issue of at surface event while bitdepth is suddenly decrease to cutoff level.</msg><file>bluecardinal-core/src/main/java/com/sigmastream/pr/processor/oes/DelayedDecisionP.java</file><parents></parents></changeset>
<changeset node='2bac05ccd10b0bbd67ae2a2a34158d4cecb03fda' author='Milan' rev='845' date='1586355705.0-19800'><msg>Added Support for MOE Cementing.
Added Support for MOE Tubing.
Code Refactore.</msg><file>bluecardinal-core/src/main/java/com/sigmastream/pr/common/MajorOperationalEventState.java</file><file>bluecardinal-core/src/main/java/com/sigmastream/pr/processor/oes/TripDetectorP.java</file><parents>842:797e79eb25e6 </parents></changeset>
<changeset node='146ddd32137be829db20acdfdb072ccca345f22b' author='Milan' rev='846' date='1586415272.0-19800'><msg>Merge with NoWEllOECorrectionEvent</msg><file>bluecardinal-core/src/main/java/com/sigmastream/pr/common/BCSources.java</file><parents>845:2bac05ccd10b 844:cedc0b0b420e </parents></changeset>
<changeset node='53539476ca4ec81f9c58a3d80d4ac017a569614d' author='Parth' rev='847' date='1586440025.0-19800'><msg>Add support of detect abnormal connections.</msg><addedFile>bluecardinal-core/src/main/java/com/sigmastream/pr/processor/oes/AbnormalConnectionDetectionP.java</addedFile><file>bluecardinal-core/src/main/java/com/sigmastream/pr/common/BCWellOECorrection.java</file><file>bluecardinal-core/src/main/java/com/sigmastream/pr/processor/oes/AbnormalConnectionDetectionP.java</file><parents>844:cedc0b0b420e </parents></changeset>
<changeset node='0aa5026e9c807f05c4512f083482ac55ae1cf01d' author='Milan' rev='848' date='1586446451.0-19800'><msg>Refactor connectionDetectorP to remove Trip logic.
Added TripDetectorP in WellOperationPipeline.
Commented Tubing event.</msg><file>bluecardinal-core/src/main/java/com/sigmastream/pr/operator/oes/WellOperationalPipeline.java</file><file>bluecardinal-core/src/main/java/com/sigmastream/pr/processor/oes/ConnectionDetectorP.java</file><file>bluecardinal-core/src/main/java/com/sigmastream/pr/processor/oes/TripDetectorP.java</file><parents>846:146ddd32137b </parents></changeset>
<changeset node='1c6ce574880d0cdfd8ea748c59679406edb67a4d' author='Milan' rev='849' date='1586446485.0-19800'><msg>Merge with NoWEllOECorrectionEvent</msg><parents>848:0aa5026e9c80 847:53539476ca4e </parents></changeset>
<changeset node='41e10cf96dc1806e48db17e9beef0d60c1ce4f8b' author='Milan' rev='850' date='1586534261.0-19800'><msg>Fixed
- Wrong drilling. Should be tripout.
- Wrong tripin. should be tripout.
- Wrong stationary.
- Wrong cementing.</msg><file>bluecardinal-core/src/main/java/com/sigmastream/pr/processor/oes/TripDetectorP.java</file><parents></parents></changeset>
<changeset node='e4b3c870b5ce7bc4486f24e3b2266cb310154aec' author='Milan' rev='851' date='1586720742.0-19800'><msg>Correct logic and fixed typo holeDepthState to holeDepth.</msg><file>bluecardinal-core/src/main/java/com/sigmastream/pr/processor/oes/TripDetectorP.java</file><parents></parents></changeset>
<changeset node='16a9848f28b6c56ccb8abd9c487b6744ab5c3ae8' author='Parth' rev='852' date='1586776609.0-19800'><msg>Fix the issue of wrong inslip event detected due to abnormal connection detection code.</msg><file>bluecardinal-core/src/main/java/com/sigmastream/pr/processor/oes/AbnormalConnectionDetectionP.java</file><parents>847:53539476ca4e </parents></changeset>
<changeset node='934ec503ab4bbdd2c7300dfb5c97d853baa86f1c' author='Milan' rev='853' date='1586803963.0-19800'><msg>StandState info refactored.
Feature Added detect Tubing MOE.
-ive value filter added.</msg><file>bluecardinal-core/src/main/java/com/sigmastream/pr/processor/oes/TripDetectorP.java</file><parents>851:e4b3c870b5ce </parents></changeset>
<changeset node='44c9c9495a6e8f5d70e08475f192190317deb8d8' author='Milan' rev='854' date='1586804010.0-19800'><msg>Merge with NoWEllOECorrectionEvent</msg><parents>853:934ec503ab4b 852:16a9848f28b6 </parents></changeset>
<changeset node='585f79a7337c396066c7e5e6121a6d81759b1342' author='Parth' rev='856' date='1586876928.0-19800'><msg>Detect the drilling BOE based on casing/liner and tripin/tripout MOE event.</msg><file>bluecardinal-core/src/main/java/com/sigmastream/pr/common/BCWellOperationalEventsUtils.java</file><file>bluecardinal-core/src/main/java/com/sigmastream/pr/operator/oes/WellOperationalPipeline.java</file><file>bluecardinal-core/src/main/java/com/sigmastream/pr/processor/oes/TripDetectorP.java</file><parents>854:44c9c9495a6e </parents></changeset>
<changeset node='73a67471abd5fe3fbd12ef1b0282c3dc85fb65ee' author='Parth' rev='857' date='1586942998.0-19800'><msg>Refactor the code of drilling event detections.
Add assetId and variable name as a key and set the boolean flag for detecting the drilling.</msg><file>bluecardinal-core/src/main/java/com/sigmastream/pr/common/BCConnectionSubEventManager.java</file><file>bluecardinal-core/src/main/java/com/sigmastream/pr/common/BCSources.java</file><file>bluecardinal-core/src/main/java/com/sigmastream/pr/common/BCWellOETimestampCorrection.java</file><file>bluecardinal-core/src/main/java/com/sigmastream/pr/common/BCWellOperationalEventsUtils.java</file><file>bluecardinal-core/src/main/java/com/sigmastream/pr/operator/oes/WellOperationalPipeline.java</file><file>bluecardinal-core/src/main/java/com/sigmastream/pr/processor/oes/AbnormalConnectionDetectionP.java</file><file>bluecardinal-core/src/main/java/com/sigmastream/pr/processor/oes/BasicEventP.java</file><file>bluecardinal-core/src/main/java/com/sigmastream/pr/processor/oes/ComplexEventP.java</file><file>bluecardinal-core/src/main/java/com/sigmastream/pr/processor/oes/MOEDebugOperator.java</file><file>bluecardinal-core/src/main/java/com/sigmastream/pr/processor/oes/TripDetectorP.java</file><parents></parents></changeset>
<changeset node='5a4a43fad46010f08cf3aecf5688ab015560db1f' author='Parth' rev='858' date='1586955895.0-19800'><msg>Add support of calculated bitdepth gap while abnormal connection detected.</msg><file>bluecardinal-core/src/main/java/com/sigmastream/pr/processor/oes/AbnormalConnectionDetectionP.java</file><parents></parents></changeset>
<changeset node='241f10a1e7760da932f306cabaeb4cfa94cfbeff' author='Milan' rev='859' date='1586956484.0-19800'><msg>Merge with T7794-WrongeDrillingEventInMOE</msg><parents>854:44c9c9495a6e 858:5a4a43fad460 </parents></changeset>
<changeset node='efe4e0946b12ead8318fb239097e9599cf33d615' author='Parth' rev='860' date='1586960487.0-19800'><msg>Fix the issue of No data available event is not detected.</msg><addedFile>bluecardinal-core/src/main/java/com/sigmastream/pr/common/BCWellOETimestampCorrectionNew.java</addedFile><file>bluecardinal-core/src/main/java/com/sigmastream/pr/common/BCWellOECorrection.java</file><file>bluecardinal-core/src/main/java/com/sigmastream/pr/common/BCWellOETimestampCorrectionNew.java</file><file>bluecardinal-core/src/main/java/com/sigmastream/pr/processor/oes/UnknownEventCorrectionP.java</file><parents>852:16a9848f28b6 </parents></changeset>
<changeset node='59f283761d3ccabac19f1a1a0f9de0a2430edec8' author='Milan' rev='861' date='1586984053.0-19800'><msg>Merge Conflict resolved.
Refactor TripDetectorP.
Changed Liner and casing Threshold.
Prevent early decision proble when liner MOE.</msg><file>bluecardinal-core/src/main/java/com/sigmastream/pr/common/MajorOperationalEventState.java</file><file>bluecardinal-core/src/main/java/com/sigmastream/pr/common/TrippingEvents.java</file><file>bluecardinal-core/src/main/java/com/sigmastream/pr/processor/oes/TripDetectorP.java</file><parents>859:241f10a1e776 </parents></changeset>
<changeset node='5cae1d0dda77244cc343861f2d307f9e770074e5' author='Milan' rev='863' date='1587023726.0-19800'><msg>Threshold changes in STAND, Liner.</msg><file>bluecardinal-core/src/main/java/com/sigmastream/pr/processor/oes/TripDetectorP.java</file><parents>861:59f283761d3c </parents></changeset>
<changeset node='9300682cd1d7a6605126dd27dda7da4c24f326d0' author='Parth' rev='864' date='1587107293.0-19800'><msg>Fix the issue of inslip always delayed due to hookload condition in abnormal class.</msg><file>bluecardinal-core/src/main/java/com/sigmastream/pr/processor/oes/AbnormalConnectionDetectionP.java</file><parents></parents></changeset>
<changeset node='120801c948d3cc62e18384e82a5f2f067aa40fcd' author='Milan' rev='869' date='1587124148.0-19800'><msg>Merge with NoWEllOECorrectionEvent</msg><parents>864:9300682cd1d7 860:efe4e0946b12 </parents></changeset>
<changeset node='be9909b78411d6394da756db66f67f9e06e7496e' author='Milan' rev='870' date='1587240074.0-19800'><msg>Fix Initial At-surface wrong Event.
Fix stationary before At-serface.
Added Conditioning event logic.</msg><file>bluecardinal-core/src/main/java/com/sigmastream/pr/processor/oes/TripDetectorP.java</file><parents>863:5cae1d0dda77 </parents></changeset>
<changeset node='4d40c3e3232433830457164206bb73bb13e5bcf5' author='Milan' rev='871' date='1587244563.0-19800'><msg>Added Configration parser.</msg><addedFile>bluecardinal-engine/config/csv-operator-well-operational-L3-06.config</addedFile><file>bluecardinal-core/src/main/java/com/sigmastream/pr/processor/oes/TripDetectorP.java</file><file>bluecardinal-engine/config/csv-operator-well-operational-L3-06.config</file><parents></parents></changeset>
<changeset node='49c8a7b180a9c690f52e275a4c11de79298d4bd5' author='Milan' rev='872' date='1587244621.0-19800'><msg>Added Configuration constant class.</msg><addedFile>bluecardinal-core/src/main/java/com/sigmastream/pr/common/BCConfigurationConstants.java</addedFile><file>bluecardinal-core/src/main/java/com/sigmastream/pr/common/BCConfigurationConstants.java</file><parents></parents></changeset>
<changeset node='277df1e1a53dc6bf66dc2a0acd2481d8868b8b30' author='Milan' rev='873' date='1587324396.0-19800'><msg>uncomment Conditioning MOE.
Improved logic to detect conditioning MOE.</msg><file>bluecardinal-core/src/main/java/com/sigmastream/pr/processor/oes/TripDetectorP.java</file><parents></parents></changeset>
<changeset node='b83f413ee273114d326c2714ba8507e38eeea1c0' author='Milan' rev='874' date='1587326017.0-19800'><msg>Fixed LogStatement in TripDetectorP.</msg><file>bluecardinal-core/src/main/java/com/sigmastream/pr/processor/oes/TripDetectorP.java</file><parents></parents></changeset>
<changeset node='5f12936fc003534e19cbd972654139248337a128' author='Parth' rev='875' date='1587368124.0-19800'><msg>Revert the changes to fix the issue of wrong tripIn detected.</msg><file>bluecardinal-core/src/main/java/com/sigmastream/pr/processor/oes/AbnormalConnectionDetectionP.java</file><parents>869:120801c948d3 </parents></changeset>
<changeset node='2ee2dfa3a77562105b7421d2dd917e33e2e1ff77' author='Milan' rev='876' date='1587391764.0-19800'><msg>Fixed wrong Conditioning MOE.</msg><file>bluecardinal-core/src/main/java/com/sigmastream/pr/processor/oes/TripDetectorP.java</file><parents>874:b83f413ee273 </parents></changeset>
<changeset node='ed9d4f04b084fcb42c8fbee50b4eb69764937f9c' author='Milan' rev='877' date='1587393520.0-19800'><msg>Added Configurationa parameter for Conditioning MOE.</msg><file>bluecardinal-core/src/main/java/com/sigmastream/pr/common/BCConfigurationConstants.java</file><file>bluecardinal-core/src/main/java/com/sigmastream/pr/processor/oes/TripDetectorP.java</file><file>bluecardinal-engine/config/csv-operator-well-operational-L3-06.config</file><parents></parents></changeset>
<changeset node='3794814c96abe1e96eda3b2813ba96920e7d7492' author='Parth' rev='878' date='1587401996.0-19800'><msg>Fix the issue of process stops for paso well at 24th Jan date.</msg><file>bluecardinal-core/src/main/java/com/sigmastream/pr/common/BCSmallOECorrectionNew.java</file><parents>875:5f12936fc003 </parents></changeset>
<changeset node='d0a39d6dd8a17fc58b24887900495c43624bdb72' author='Milan' rev='879' date='1587402147.0-19800'><msg>Merge with MacroOperationalEvent</msg><parents>878:3794814c96ab 877:ed9d4f04b084 </parents></changeset>
<changeset node='15dc4d246840625a61709bd298b3a2e13e23f1dd' author='Milan' rev='880' date='1587500635.0-19800'><msg>Fixed wrong tripout. removed thrashing condition.
Changed tubing accuracyConfig.</msg><file>bluecardinal-core/src/main/java/com/sigmastream/pr/processor/oes/TripDetectorP.java</file><file>bluecardinal-engine/config/csv-operator-well-operational-L3-06.config</file><parents></parents></changeset>
<changeset node='ead085a24eeab28e6444471f6eff52c3d160039d' author='Milan' rev='881' date='1587552518.0-19800'><msg>MOE Detect when current and previous OE are not the same.</msg><file>bluecardinal-core/src/main/java/com/sigmastream/pr/processor/oes/TripDetectorP.java</file><parents></parents></changeset>
<changeset node='9495463d9d7f7c66504402a52635a30594620874' author='Parth' rev='882' date='1587564756.0-19800'><msg>Fix the issue of wrong drilling at the starting on well it should be at surface.</msg><file>bluecardinal-core/src/main/java/com/sigmastream/pr/common/BCWellOperationalEventsUtils.java</file><parents></parents></changeset>
<changeset node='288f6a817b6276468f783278ed3faccc948b9791' author='Milan' rev='883' date='1587568409.0-19800'><msg>Fixed/Uncomment Triout thrashing, Tripin thrashing.
Added Configurable Drilling pramas.
use of previousEvent in isConditioning function.</msg><file>bluecardinal-core/src/main/java/com/sigmastream/pr/common/BCConfigurationConstants.java</file><file>bluecardinal-core/src/main/java/com/sigmastream/pr/processor/oes/TripDetectorP.java</file><file>bluecardinal-engine/config/csv-operator-well-operational-L3-06.config</file><parents></parents></changeset>
<changeset node='cf6c836e83e8f60df51d8ed036f4e8cde372d0c2' author='Milan' rev='884' date='1587588787.0-19800'><msg>Code refactor.
Added small Stationary MOE.
Added Configurable staionary and cementing params.</msg><file>bluecardinal-core/src/main/java/com/sigmastream/pr/common/BCConfigurationConstants.java</file><file>bluecardinal-core/src/main/java/com/sigmastream/pr/processor/oes/TripDetectorP.java</file><file>bluecardinal-engine/config/csv-operator-well-operational-L3-06.config</file><parents></parents></changeset>
<changeset node='82301722fb642a5579b7bd24afe94fd0be087d20' author='Milan' rev='886' date='1589022523.0-19800'><msg>Merge with Production-Branch</msg><file>bluecardinal-core/src/main/java/com/sigmastream/pr/common/BCSources.java</file><file>bluecardinal-core/src/main/java/com/sigmastream/pr/common/CommonUtils.java</file><parents>884:cf6c836e83e8 742:4bd174a6c24c </parents></changeset>
<changeset node='70cba7518c6fe02ea04f09bbdaca191761954775' author='Milan' rev='887' date='1589022892.0-19800'><msg>- Merge conflict resolved.</msg><file>bluecardinal-core/src/main/java/com/sigmastream/pr/common/CommonUtils.java</file><parents></parents></changeset>
<changeset node='4fe76a032a4ea8e663ba997a38094adee5a54fbd' author='Milan' rev='888' date='1589495256.0-19800'><msg>- Fixed DQ Device Frequency.
- Fixed well Statistics.</msg><file>bluecardinal-core/src/main/java/com/sigmastream/bc/dataquality/DeviceQualityMonitor.java</file><file>bluecardinal-core/src/main/java/com/sigmastream/bc/dataquality/WellStatistics.java</file><file>bluecardinal-engine/config/operator-dataquality-extended.config</file><parents></parents></changeset>
<changeset node='3c1fcf889d1a3d7ae8a42581ba52e54fe2220fd1' author='Milan' rev='889' date='1589549027.0-19800'><msg>- Fix DeviceFreqScore.</msg><file>bluecardinal-core/src/main/java/com/sigmastream/bc/dataquality/ChannelQualityMonitor.java</file><file>bluecardinal-core/src/main/java/com/sigmastream/bc/dataquality/DeviceQualityMonitor.java</file><parents></parents></changeset>
<changeset node='1e3233709ebe79e3cfc587d7f10e5fec4a6b9761' author='Milan' rev='890' date='1589652330.0-19800'><msg>- Fix Device Level actual Freq.
- Fix Channel Level Actual Freq.</msg><file>bluecardinal-core/src/main/java/com/sigmastream/bc/dataquality/ChannelQualityMonitor.java</file><file>bluecardinal-core/src/main/java/com/sigmastream/bc/dataquality/DeviceQualityMonitor.java</file><parents></parents></changeset>
<changeset node='91909a9caab8f8c7621db4070d8b3f3795ad640e' author='Milan' rev='891' date='1589661396.0-19800'><msg>- Fixed actualStreamingCount in ChannelQualityMonitor
- Fixed typo.
- code optimization</msg><file>bluecardinal-core/src/main/java/com/sigmastream/bc/dataquality/ChannelQualityMonitor.java</file><file>bluecardinal-core/src/main/java/com/sigmastream/bc/dataquality/ChannelStatastics.java</file><file>bluecardinal-core/src/main/java/com/sigmastream/bc/dataquality/DeviceQualityMonitor.java</file><file>bluecardinal-core/src/main/java/com/sigmastream/bc/dataquality/DeviceStatistics.java</file><file>bluecardinal-core/src/main/java/com/sigmastream/pr/processor/DataQualityP.java</file><parents></parents></changeset>
<changeset node='40276a24b4034a4e6e8a5a1e02a2bfad533dc77f' author='Milan' rev='892' date='1589731376.0-19800'><msg>- Code Optimized and Code Refactored.
- Fix Device level Wrong DataGapScore.
- Fix Devlce level wrong DataCountScore.
- Fix Device Level Aswi calculation.</msg><file>bluecardinal-core/src/main/java/com/sigmastream/bc/dataquality/ChannelQualityMonitor.java</file><file>bluecardinal-core/src/main/java/com/sigmastream/bc/dataquality/DeviceQualityMonitor.java</file><file>bluecardinal-core/src/main/java/com/sigmastream/bc/dataquality/DeviceStatistics.java</file><parents></parents></changeset>
<changeset node='0b1fd4297d7dae31dc4579a739095d920fbfa14c' author='Milan' rev='893' date='1589801388.0-19800'><msg>- Fix Device levle DQ when Mutiple device data is being process.</msg><file>bluecardinal-core/src/main/java/com/sigmastream/bc/dataquality/ChannelQualityMonitor.java</file><file>bluecardinal-core/src/main/java/com/sigmastream/bc/dataquality/DeviceQualityMonitor.java</file><file>bluecardinal-core/src/main/java/com/sigmastream/pr/processor/DataQualityP.java</file><parents></parents></changeset>
<changeset node='bddf66bf3c8ab9e11061fdd8ce78be009c520057' author='Milan' rev='894' date='1589804044.0-19800'><msg>- Fixed channel ActualFreq.
- removed stream time and used timeDiff.</msg><file>bluecardinal-core/src/main/java/com/sigmastream/bc/dataquality/ChannelQualityMonitor.java</file><file>bluecardinal-core/src/main/java/com/sigmastream/bc/dataquality/ChannelStatastics.java</file><parents></parents></changeset>
<changeset node='d997e5a340db8b29e7c52eaa4888a5466a8be515' author='Milan' rev='895' date='1589891865.0-19800'><msg>- change logic to calculate dataFeqScore at Device.</msg><file>bluecardinal-core/src/main/java/com/sigmastream/bc/dataquality/DeviceQualityMonitor.java</file><file>bluecardinal-core/src/main/java/com/sigmastream/bc/dataquality/DeviceStatistics.java</file><parents></parents></changeset>
<changeset node='3d7ba31a518c976fa9b4d9d7436ac0373f3ece07' author='Parth' rev='896' date='1590049896.0-19800'><msg>Merge with LogRefactor</msg><deletedFile>bluecardinal-core/setup.bat</deletedFile><deletedFile>bluecardinal-core/setup.sh</deletedFile><deletedFile>bluecardinal-engine/bin/common.bat</deletedFile><deletedFile>bluecardinal-engine/bin/common.sh</deletedFile><deletedFile>bluecardinal-engine/bin/cpappend.bat</deletedFile><deletedFile>bluecardinal-engine/bin/start-bc-engine.bat</deletedFile><deletedFile>bluecardinal-engine/bin/start-bc-engine.sh</deletedFile><deletedFile>bluecardinal-engine/bin/start-jetserver-with-operators.bat</deletedFile><deletedFile>bluecardinal-engine/bin/start-jetserver-with-operators.sh</deletedFile><deletedFile>bluecardinal-engine/bin/start-yh-operator.bat</deletedFile><deletedFile>bluecardinal-engine/bin/start-yh-operator.sh</deletedFile><deletedFile>bluecardinal-engine/bin/stop-jet.sh</deletedFile><deletedFile>bluecardinal-engine/config/bluecardinal-client.xml</deletedFile><deletedFile>bluecardinal-engine/config/bluecardinal-engine-full-config.xml</deletedFile><deletedFile>bluecardinal-engine/config/bluecardinal-engine.xml</deletedFile><deletedFile>bluecardinal-engine/config/bluecardinal.xml</deletedFile><deletedFile>bluecardinal-engine/config/config.properties</deletedFile><deletedFile>bluecardinal-engine/config/operator-SSIndicator.config</deletedFile><deletedFile>bluecardinal-engine/config/operator-back-reaming.config</deletedFile><deletedFile>bluecardinal-engine/config/operator-circulate.config</deletedFile><deletedFile>bluecardinal-engine/config/operator-dataquality.config</deletedFile><deletedFile>bluecardinal-engine/config/operator-drilling-rotary.config</deletedFile><deletedFile>bluecardinal-engine/config/operator-friction-test.config</deletedFile><deletedFile>bluecardinal-engine/config/operator-inslips.config</deletedFile><deletedFile>bluecardinal-engine/config/operator-onoff-bottom.config</deletedFile><deletedFile>bluecardinal-engine/config/operator-pump-in.config</deletedFile><deletedFile>bluecardinal-engine/config/operator-pump-out.config</deletedFile><deletedFile>bluecardinal-engine/config/operator-reaming.config</deletedFile><deletedFile>bluecardinal-engine/config/operator-rotate-circulate.config</deletedFile><deletedFile>bluecardinal-engine/config/operator-rotating-in.config</deletedFile><deletedFile>bluecardinal-engine/config/operator-rotating-out.config</deletedFile><deletedFile>bluecardinal-engine/config/operator-rotating.config</deletedFile><deletedFile>bluecardinal-engine/config/operator-slide-drilling.config</deletedFile><deletedFile>bluecardinal-engine/config/operator-stationary.config</deletedFile><deletedFile>bluecardinal-engine/config/operator-trip-in.config</deletedFile><deletedFile>bluecardinal-engine/config/operator-trip-out.config</deletedFile><deletedFile>bluecardinal-engine/config/operator-well-oe.config</deletedFile><deletedFile>bluecardinal-engine/config/operator-well-operational.config</deletedFile><deletedFile>bluecardinal-engine/config/time-accumulator.config</deletedFile><deletedFile>bluecardinal-engine/config/yh-operators-sink.config</deletedFile><deletedFile>bluecardinal-engine/config/yh-source.config</deletedFile><deletedFile>bluecardinal-engine/config/yh-well-oe-sink.config</deletedFile><deletedFile>bluecardinal-engine/logger/log4j.properties</deletedFile><file>bluecardinal-core/setup.bat</file><file>bluecardinal-core/setup.sh</file><file>bluecardinal-engine/bin/common.bat</file><file>bluecardinal-engine/bin/common.sh</file><file>bluecardinal-engine/bin/cpappend.bat</file><file>bluecardinal-engine/bin/start-bc-engine.bat</file><file>bluecardinal-engine/bin/start-bc-engine.sh</file><file>bluecardinal-engine/bin/start-jetserver-with-operators.bat</file><file>bluecardinal-engine/bin/start-jetserver-with-operators.sh</file><file>bluecardinal-engine/bin/start-yh-operator.bat</file><file>bluecardinal-engine/bin/start-yh-operator.sh</file><file>bluecardinal-engine/bin/stop-jet.sh</file><file>bluecardinal-engine/config/bluecardinal-client.xml</file><file>bluecardinal-engine/config/bluecardinal-engine-full-config.xml</file><file>bluecardinal-engine/config/bluecardinal-engine.xml</file><file>bluecardinal-engine/config/bluecardinal.xml</file><file>bluecardinal-engine/config/config.properties</file><file>bluecardinal-engine/config/operator-SSIndicator.config</file><file>bluecardinal-engine/config/operator-back-reaming.config</file><file>bluecardinal-engine/config/operator-circulate.config</file><file>bluecardinal-engine/config/operator-dataquality.config</file><file>bluecardinal-engine/config/operator-drilling-rotary.config</file><file>bluecardinal-engine/config/operator-friction-test.config</file><file>bluecardinal-engine/config/operator-inslips.config</file><file>bluecardinal-engine/config/operator-onoff-bottom.config</file><file>bluecardinal-engine/config/operator-pump-in.config</file><file>bluecardinal-engine/config/operator-pump-out.config</file><file>bluecardinal-engine/config/operator-reaming.config</file><file>bluecardinal-engine/config/operator-rotate-circulate.config</file><file>bluecardinal-engine/config/operator-rotating-in.config</file><file>bluecardinal-engine/config/operator-rotating-out.config</file><file>bluecardinal-engine/config/operator-rotating.config</file><file>bluecardinal-engine/config/operator-slide-drilling.config</file><file>bluecardinal-engine/config/operator-stationary.config</file><file>bluecardinal-engine/config/operator-trip-in.config</file><file>bluecardinal-engine/config/operator-trip-out.config</file><file>bluecardinal-engine/config/operator-well-oe.config</file><file>bluecardinal-engine/config/operator-well-operational.config</file><file>bluecardinal-engine/config/time-accumulator.config</file><file>bluecardinal-engine/config/yh-operators-sink.config</file><file>bluecardinal-engine/config/yh-source.config</file><file>bluecardinal-engine/config/yh-well-oe-sink.config</file><file>bluecardinal-engine/logger/log4j.properties</file><parents>740:5daca6eb2d68 816:b64c0e2011a5 </parents></changeset>
<changeset node='a702578d46faae1b6ec5499f0a8d1b7db3c11908' author='Parth' rev='897' date='1590050039.0-19800'><msg>Merge with RC1.2.1</msg><deletedFile>bluecardinal-core/setup.bat</deletedFile><deletedFile>bluecardinal-core/setup.sh</deletedFile><deletedFile>bluecardinal-engine/bin/common.bat</deletedFile><deletedFile>bluecardinal-engine/bin/common.sh</deletedFile><deletedFile>bluecardinal-engine/bin/cpappend.bat</deletedFile><deletedFile>bluecardinal-engine/bin/start-bc-engine.bat</deletedFile><deletedFile>bluecardinal-engine/bin/start-bc-engine.sh</deletedFile><deletedFile>bluecardinal-engine/bin/start-jetserver-with-operators.bat</deletedFile><deletedFile>bluecardinal-engine/bin/start-jetserver-with-operators.sh</deletedFile><deletedFile>bluecardinal-engine/bin/start-yh-operator.bat</deletedFile><deletedFile>bluecardinal-engine/bin/start-yh-operator.sh</deletedFile><deletedFile>bluecardinal-engine/bin/stop-jet.sh</deletedFile><deletedFile>bluecardinal-engine/config/bluecardinal-client.xml</deletedFile><deletedFile>bluecardinal-engine/config/bluecardinal-engine-full-config.xml</deletedFile><deletedFile>bluecardinal-engine/config/bluecardinal-engine.xml</deletedFile><deletedFile>bluecardinal-engine/config/bluecardinal.xml</deletedFile><deletedFile>bluecardinal-engine/config/config.properties</deletedFile><deletedFile>bluecardinal-engine/config/operator-SSIndicator.config</deletedFile><deletedFile>bluecardinal-engine/config/operator-back-reaming.config</deletedFile><deletedFile>bluecardinal-engine/config/operator-circulate.config</deletedFile><deletedFile>bluecardinal-engine/config/operator-dataquality.config</deletedFile><deletedFile>bluecardinal-engine/config/operator-drilling-rotary.config</deletedFile><deletedFile>bluecardinal-engine/config/operator-friction-test.config</deletedFile><deletedFile>bluecardinal-engine/config/operator-inslips.config</deletedFile><deletedFile>bluecardinal-engine/config/operator-onoff-bottom.config</deletedFile><deletedFile>bluecardinal-engine/config/operator-pump-in.config</deletedFile><deletedFile>bluecardinal-engine/config/operator-pump-out.config</deletedFile><deletedFile>bluecardinal-engine/config/operator-reaming.config</deletedFile><deletedFile>bluecardinal-engine/config/operator-rotate-circulate.config</deletedFile><deletedFile>bluecardinal-engine/config/operator-rotating-in.config</deletedFile><deletedFile>bluecardinal-engine/config/operator-rotating-out.config</deletedFile><deletedFile>bluecardinal-engine/config/operator-rotating.config</deletedFile><deletedFile>bluecardinal-engine/config/operator-slide-drilling.config</deletedFile><deletedFile>bluecardinal-engine/config/operator-stationary.config</deletedFile><deletedFile>bluecardinal-engine/config/operator-trip-in.config</deletedFile><deletedFile>bluecardinal-engine/config/operator-trip-out.config</deletedFile><deletedFile>bluecardinal-engine/config/operator-well-oe.config</deletedFile><deletedFile>bluecardinal-engine/config/operator-well-operational.config</deletedFile><deletedFile>bluecardinal-engine/config/time-accumulator.config</deletedFile><deletedFile>bluecardinal-engine/config/yh-operators-sink.config</deletedFile><deletedFile>bluecardinal-engine/config/yh-source.config</deletedFile><deletedFile>bluecardinal-engine/config/yh-well-oe-sink.config</deletedFile><deletedFile>bluecardinal-engine/logger/log4j.properties</deletedFile><file>bluecardinal-core/setup.bat</file><file>bluecardinal-core/setup.sh</file><file>bluecardinal-core/src/main/java/com/sigmastream/bc/dataquality/ChannelQualityMonitor.java</file><file>bluecardinal-core/src/main/java/com/sigmastream/bc/dataquality/ChannelStatastics.java</file><file>bluecardinal-core/src/main/java/com/sigmastream/bc/dataquality/DeviceQualityMonitor.java</file><file>bluecardinal-core/src/main/java/com/sigmastream/bc/dataquality/DeviceStatistics.java</file><file>bluecardinal-core/src/main/java/com/sigmastream/bc/dataquality/WellQualityMonitor.java</file><file>bluecardinal-core/src/main/java/com/sigmastream/bc/dataquality/WellStatistics.java</file><file>bluecardinal-core/src/main/java/com/sigmastream/pr/common/BCSources.java</file><file>bluecardinal-core/src/main/java/com/sigmastream/pr/common/CommonUtils.java</file><file>bluecardinal-core/src/main/java/com/sigmastream/pr/operator/DataQualityOperator.java</file><file>bluecardinal-core/src/main/java/com/sigmastream/pr/processor/DataQualityP.java</file><file>bluecardinal-core/src/main/java/com/sigmastream/pr/yh/sink/YhWSocketPublisher.java</file><file>bluecardinal-engine/bin/common.bat</file><file>bluecardinal-engine/bin/common.sh</file><file>bluecardinal-engine/bin/cpappend.bat</file><file>bluecardinal-engine/bin/start-bc-engine.bat</file><file>bluecardinal-engine/bin/start-bc-engine.sh</file><file>bluecardinal-engine/bin/start-jetserver-with-operators.bat</file><file>bluecardinal-engine/bin/start-jetserver-with-operators.sh</file><file>bluecardinal-engine/bin/start-yh-operator.bat</file><file>bluecardinal-engine/bin/start-yh-operator.sh</file><file>bluecardinal-engine/bin/stop-jet.sh</file><file>bluecardinal-engine/config/bluecardinal-client.xml</file><file>bluecardinal-engine/config/bluecardinal-engine-full-config.xml</file><file>bluecardinal-engine/config/bluecardinal-engine.xml</file><file>bluecardinal-engine/config/bluecardinal.xml</file><file>bluecardinal-engine/config/config.properties</file><file>bluecardinal-engine/config/operator-SSIndicator.config</file><file>bluecardinal-engine/config/operator-back-reaming.config</file><file>bluecardinal-engine/config/operator-circulate.config</file><file>bluecardinal-engine/config/operator-dataquality.config</file><file>bluecardinal-engine/config/operator-drilling-rotary.config</file><file>bluecardinal-engine/config/operator-friction-test.config</file><file>bluecardinal-engine/config/operator-inslips.config</file><file>bluecardinal-engine/config/operator-onoff-bottom.config</file><file>bluecardinal-engine/config/operator-pump-in.config</file><file>bluecardinal-engine/config/operator-pump-out.config</file><file>bluecardinal-engine/config/operator-reaming.config</file><file>bluecardinal-engine/config/operator-rotate-circulate.config</file><file>bluecardinal-engine/config/operator-rotating-in.config</file><file>bluecardinal-engine/config/operator-rotating-out.config</file><file>bluecardinal-engine/config/operator-rotating.config</file><file>bluecardinal-engine/config/operator-slide-drilling.config</file><file>bluecardinal-engine/config/operator-stationary.config</file><file>bluecardinal-engine/config/operator-trip-in.config</file><file>bluecardinal-engine/config/operator-trip-out.config</file><file>bluecardinal-engine/config/operator-well-oe.config</file><file>bluecardinal-engine/config/operator-well-operational.config</file><file>bluecardinal-engine/config/time-accumulator.config</file><file>bluecardinal-engine/config/yh-operators-sink.config</file><file>bluecardinal-engine/config/yh-source.config</file><file>bluecardinal-engine/config/yh-well-oe-sink.config</file><file>bluecardinal-engine/logger/log4j.properties</file><parents>741:49d583d7fa63 896:3d7ba31a518c </parents></changeset>
<changeset node='a0284bdd245c49698c52708d3922d89dd3f43a55' author='Parth' rev='898' date='1590050074.0-19800'><msg>Merge with Development-Branch</msg><deletedFile>bluecardinal-core/setup.bat</deletedFile><deletedFile>bluecardinal-core/setup.sh</deletedFile><deletedFile>bluecardinal-engine/bin/common.bat</deletedFile><deletedFile>bluecardinal-engine/bin/common.sh</deletedFile><deletedFile>bluecardinal-engine/bin/cpappend.bat</deletedFile><deletedFile>bluecardinal-engine/bin/start-bc-engine.bat</deletedFile><deletedFile>bluecardinal-engine/bin/start-bc-engine.sh</deletedFile><deletedFile>bluecardinal-engine/bin/start-jetserver-with-operators.bat</deletedFile><deletedFile>bluecardinal-engine/bin/start-jetserver-with-operators.sh</deletedFile><deletedFile>bluecardinal-engine/bin/start-yh-operator.bat</deletedFile><deletedFile>bluecardinal-engine/bin/start-yh-operator.sh</deletedFile><deletedFile>bluecardinal-engine/bin/stop-jet.sh</deletedFile><deletedFile>bluecardinal-engine/config/bluecardinal-client.xml</deletedFile><deletedFile>bluecardinal-engine/config/bluecardinal-engine-full-config.xml</deletedFile><deletedFile>bluecardinal-engine/config/bluecardinal-engine.xml</deletedFile><deletedFile>bluecardinal-engine/config/bluecardinal.xml</deletedFile><deletedFile>bluecardinal-engine/config/config.properties</deletedFile><deletedFile>bluecardinal-engine/config/operator-SSIndicator.config</deletedFile><deletedFile>bluecardinal-engine/config/operator-back-reaming.config</deletedFile><deletedFile>bluecardinal-engine/config/operator-circulate.config</deletedFile><deletedFile>bluecardinal-engine/config/operator-dataquality.config</deletedFile><deletedFile>bluecardinal-engine/config/operator-drilling-rotary.config</deletedFile><deletedFile>bluecardinal-engine/config/operator-friction-test.config</deletedFile><deletedFile>bluecardinal-engine/config/operator-inslips.config</deletedFile><deletedFile>bluecardinal-engine/config/operator-onoff-bottom.config</deletedFile><deletedFile>bluecardinal-engine/config/operator-pump-in.config</deletedFile><deletedFile>bluecardinal-engine/config/operator-pump-out.config</deletedFile><deletedFile>bluecardinal-engine/config/operator-reaming.config</deletedFile><deletedFile>bluecardinal-engine/config/operator-rotate-circulate.config</deletedFile><deletedFile>bluecardinal-engine/config/operator-rotating-in.config</deletedFile><deletedFile>bluecardinal-engine/config/operator-rotating-out.config</deletedFile><deletedFile>bluecardinal-engine/config/operator-rotating.config</deletedFile><deletedFile>bluecardinal-engine/config/operator-slide-drilling.config</deletedFile><deletedFile>bluecardinal-engine/config/operator-stationary.config</deletedFile><deletedFile>bluecardinal-engine/config/operator-trip-in.config</deletedFile><deletedFile>bluecardinal-engine/config/operator-trip-out.config</deletedFile><deletedFile>bluecardinal-engine/config/operator-well-oe.config</deletedFile><deletedFile>bluecardinal-engine/config/operator-well-operational.config</deletedFile><deletedFile>bluecardinal-engine/config/time-accumulator.config</deletedFile><deletedFile>bluecardinal-engine/config/yh-operators-sink.config</deletedFile><deletedFile>bluecardinal-engine/config/yh-source.config</deletedFile><deletedFile>bluecardinal-engine/config/yh-well-oe-sink.config</deletedFile><deletedFile>bluecardinal-engine/logger/log4j.properties</deletedFile><file>bluecardinal-core/setup.bat</file><file>bluecardinal-core/setup.sh</file><file>bluecardinal-engine/bin/common.bat</file><file>bluecardinal-engine/bin/common.sh</file><file>bluecardinal-engine/bin/cpappend.bat</file><file>bluecardinal-engine/bin/start-bc-engine.bat</file><file>bluecardinal-engine/bin/start-bc-engine.sh</file><file>bluecardinal-engine/bin/start-jetserver-with-operators.bat</file><file>bluecardinal-engine/bin/start-jetserver-with-operators.sh</file><file>bluecardinal-engine/bin/start-yh-operator.bat</file><file>bluecardinal-engine/bin/start-yh-operator.sh</file><file>bluecardinal-engine/bin/stop-jet.sh</file><file>bluecardinal-engine/config/bluecardinal-client.xml</file><file>bluecardinal-engine/config/bluecardinal-engine-full-config.xml</file><file>bluecardinal-engine/config/bluecardinal-engine.xml</file><file>bluecardinal-engine/config/bluecardinal.xml</file><file>bluecardinal-engine/config/config.properties</file><file>bluecardinal-engine/config/operator-SSIndicator.config</file><file>bluecardinal-engine/config/operator-back-reaming.config</file><file>bluecardinal-engine/config/operator-circulate.config</file><file>bluecardinal-engine/config/operator-dataquality.config</file><file>bluecardinal-engine/config/operator-drilling-rotary.config</file><file>bluecardinal-engine/config/operator-friction-test.config</file><file>bluecardinal-engine/config/operator-inslips.config</file><file>bluecardinal-engine/config/operator-onoff-bottom.config</file><file>bluecardinal-engine/config/operator-pump-in.config</file><file>bluecardinal-engine/config/operator-pump-out.config</file><file>bluecardinal-engine/config/operator-reaming.config</file><file>bluecardinal-engine/config/operator-rotate-circulate.config</file><file>bluecardinal-engine/config/operator-rotating-in.config</file><file>bluecardinal-engine/config/operator-rotating-out.config</file><file>bluecardinal-engine/config/operator-rotating.config</file><file>bluecardinal-engine/config/operator-slide-drilling.config</file><file>bluecardinal-engine/config/operator-stationary.config</file><file>bluecardinal-engine/config/operator-trip-in.config</file><file>bluecardinal-engine/config/operator-trip-out.config</file><file>bluecardinal-engine/config/operator-well-oe.config</file><file>bluecardinal-engine/config/operator-well-operational.config</file><file>bluecardinal-engine/config/time-accumulator.config</file><file>bluecardinal-engine/config/yh-operators-sink.config</file><file>bluecardinal-engine/config/yh-source.config</file><file>bluecardinal-engine/config/yh-well-oe-sink.config</file><file>bluecardinal-engine/logger/log4j.properties</file><parents>742:4bd174a6c24c 897:a702578d46fa </parents></changeset>
<changeset node='aa603af409e0c678b35b0da5332a10560e3f4f2b' author='Milan' rev='899' date='1590061766.0-19800'><msg>Merge with T7753-TripDetectorP</msg><file>bluecardinal-core/src/main/java/com/sigmastream/bc/dataquality/ChannelQualityMonitor.java</file><file>bluecardinal-core/src/main/java/com/sigmastream/bc/dataquality/ChannelStatastics.java</file><file>bluecardinal-core/src/main/java/com/sigmastream/bc/dataquality/DeviceQualityMonitor.java</file><file>bluecardinal-core/src/main/java/com/sigmastream/bc/dataquality/DeviceStatistics.java</file><file>bluecardinal-core/src/main/java/com/sigmastream/bc/dataquality/WellStatistics.java</file><file>bluecardinal-core/src/main/java/com/sigmastream/pr/common/BCSources.java</file><file>bluecardinal-core/src/main/java/com/sigmastream/pr/operator/oes/WellOperationalPipeline.java</file><file>bluecardinal-core/src/main/java/com/sigmastream/pr/processor/DataQualityP.java</file><file>bluecardinal-core/src/main/java/com/sigmastream/pr/processor/oes/BasicEventP.java</file><file>bluecardinal-core/src/main/java/com/sigmastream/pr/processor/oes/ConnectionDetectorP.java</file><file>bluecardinal-core/src/main/java/com/sigmastream/pr/processor/oes/DelayedDecisionP.java</file><parents>898:a0284bdd245c 895:d997e5a340db </parents></changeset>
<changeset node='db852ce004b52a70df61ae6bb6103dbf34175644' author='Milan' rev='900' date='1590062193.0-19800'><msg>- Merge conflicts resolved.</msg><file>bluecardinal-core/src/main/java/com/sigmastream/bc/dataquality/ChannelStatastics.java</file><file>bluecardinal-core/src/main/java/com/sigmastream/main/Main.java</file><file>bluecardinal-core/src/main/java/com/sigmastream/pr/processor/oes/ConnectionDetectorP.java</file><parents></parents></changeset>
<changeset node='30b7034fd33f006257b74ce890e26b855d078ae2' author='Milan' rev='901' date='1590064243.0-19800'><msg>removed unnecessary debug log</msg><file>bluecardinal-core/src/main/java/com/sigmastream/pr/processor/DataQualityP.java</file><file>bluecardinal-core/src/main/java/com/sigmastream/pr/processor/StatisticsDataQualityP.java</file><parents></parents></changeset>
</changesets>