<?xml version="1.0" encoding="UTF-8"?>
<changesets>
<changeset node='69e808c0877c691078ecacf6d30c3dc5599d957c' author='Sandip Parmar' rev='580' date='1574331253.0-19800'><msg>Merge with RC1.2.0</msg><parents>573:606fa2ac4b0b 579:0e592b7a6b0a </parents></changeset>
<changeset node='1c7fbc94ffaa78070cb72661d2d7c3c424489603' author='Milan' rev='587' date='1575869605.0-19800'><msg>Merge with RC1.2.0</msg><parents>580:69e808c0877c 586:251d603079c3 </parents></changeset>
<changeset node='255f8a4a8ce56897b69af8f299f0fff66e0ce015' author='Milan' rev='590' date='1575870039.0-19800'><msg>Merge with RC1.2.0</msg><parents>587:1c7fbc94ffaa 589:3852bee06cc3 </parents></changeset>
<changeset node='a51804a4ece82197abe19d3c417fad5a8e1c5043' author='Milan' rev='594' date='1575876590.0-19800'><msg>Merge with RC1.2.0</msg><parents>590:255f8a4a8ce5 593:cfc18ccce2c5 </parents></changeset>
<changeset node='d536cb9a8a6911cf3d6415f2f843d7fdbffd4874' author='Milan' rev='598' date='1575956023.0-19800'><msg>Merge with RC1.2.0</msg><parents>594:a51804a4ece8 597:4a9d83f23b96 </parents></changeset>
<changeset node='5fc8ad3a56d16ca08982b95b3f6295a29f72fc21' author='Milan' rev='602' date='1575958914.0-19800'><msg>Merge with RC1.2.0</msg><parents>598:d536cb9a8a69 601:f453e4e5437e </parents></changeset>
<changeset node='4ea812313e6dcd77633066c5c7a96e119e29ae29' author='Milan' rev='606' date='1576151712.0-19800'><msg>Merge with RC1.2.0</msg><parents>602:5fc8ad3a56d1 605:9f53face8c6e </parents></changeset>
<changeset node='542b7059c1f74c6a98a45be8496ed216322de2ab' author='Milan' rev='611' date='1576582425.0-19800'><msg>Merge with RC1.2.0</msg><parents>606:4ea812313e6d 610:e3a15a2ab748 </parents></changeset>
<changeset node='8234874720c2ea6c01dc2f62129c798afd601b64' author='Sandip Parmar' rev='615' date='1576757742.0-19800'><msg>Merge with RC1.2.0</msg><parents>611:542b7059c1f7 614:fc5a5b27be9b </parents></changeset>
<changeset node='ceb58def5f775469f60e1a4ca0f8b819caeaced8' author='Sandip Parmar' rev='622' date='1579680419.0-19800'><msg>Merge with RC1.2.0</msg><file>bluecardinal-core/src/main/java/com/sigmastream/bc/backprocess/BackProcessingJob.java</file><file>bluecardinal-core/src/main/java/com/sigmastream/bc/jobs/JobConfiguration.java</file><file>bluecardinal-core/src/main/java/com/sigmastream/bc/jobs/ProcessorState.java</file><file>bluecardinal-core/src/main/java/com/sigmastream/pr/operator/MainOperator.java</file><file>bluecardinal-core/src/main/java/com/sigmastream/pr/operator/oes/WellOperationalPipeline.java</file><file>bluecardinal-core/src/main/java/com/sigmastream/pr/processor/oes/ConnectionDetectorP.java</file><file>bluecardinal-core/src/main/java/com/sigmastream/pr/processor/oes/YhWSocketStreamSourceP.java</file><parents>615:8234874720c2 621:52621677ff24 </parents></changeset>
<changeset node='e8636a9c96282f8d2ea5301bd27cfc18afdf99f1' author='Sandip Parmar' rev='629' date='1580474582.0-19800'><msg>Merge with RC1.2.0</msg><parents>622:ceb58def5f77 628:ae6218114340 </parents></changeset>
<changeset node='2cf4306c82ef5c5d15d3ba83b8964808a3751ae5' author='Parth' rev='633' date='1580794786.0-19800'><msg>Merge with RC1.2.0</msg><parents>629:e8636a9c9628 632:ecf6815ac5b6 </parents></changeset>
<changeset node='9f5868d6d56950ecb17cec1ccb5179b1645a4658' author='Parth' rev='637' date='1580795822.0-19800'><msg>Merge with RC1.2.0</msg><parents>633:2cf4306c82ef 636:c6e31bb7fee3 </parents></changeset>
<changeset node='e37d7c404c0f01acb268c26534caf75d78e61cee' author='Milan' rev='641' date='1582014175.0-19800'><msg>Merge with RC1.2.0</msg><parents>637:9f5868d6d569 640:fe7196241312 </parents></changeset>
<changeset node='80e199ae66a2640a85a4aac5b5ca329de7353caf' author='Sandip Parmar' rev='652' date='1582635208.0-19800'><msg>Merge with RC1.2.0</msg><parents>641:e37d7c404c0f 651:061cc0306d10 </parents></changeset>
<changeset node='e021bc2e12177cc74e3fa04c062652c7942f054d' author='Milan' rev='657' date='1582785967.0-19800'><msg>Added new Statistics in ChannelQualityMonitor
Added SupportTo calculate badFrequency Duration in ChannelStatistics.
Added new Statistics in DeviceQualityMonitor
Added new Statistics in WellQualityMonitor
Added function to create statistics channel from config in DataQualityOperator
rename addLowerLevelChannle to addAspectChannel in DataQualityOperator
DataQualityP added support to stream statistic channel from ChMonitor,DevMonior,WellMonitor.</msg><file>bluecardinal-core/src/main/java/com/sigmastream/bc/dataquality/ChannelQualityMonitor.java</file><file>bluecardinal-core/src/main/java/com/sigmastream/bc/dataquality/ChannelStatastics.java</file><file>bluecardinal-core/src/main/java/com/sigmastream/bc/dataquality/DeviceQualityMonitor.java</file><file>bluecardinal-core/src/main/java/com/sigmastream/bc/dataquality/WellQualityMonitor.java</file><file>bluecardinal-core/src/main/java/com/sigmastream/pr/common/YhChannelConfig.java</file><file>bluecardinal-core/src/main/java/com/sigmastream/pr/operator/DataQualityOperator.java</file><file>bluecardinal-core/src/main/java/com/sigmastream/pr/processor/DataQualityP.java</file><parents>640:fe7196241312 </parents></changeset>
<changeset node='c45094842216eacfa5bf7cd9626faeea42b26dac' author='Milan' rev='658' date='1582786030.0-19800'><msg>Added config file for DQOperator.</msg><addedFile>bluecardinal-engine/config/operator-dataquality-extended.config</addedFile><file>bluecardinal-engine/config/operator-dataquality-extended.config</file><parents></parents></changeset>
<changeset node='5b74be6bde3ce37eb299c97e4898add955b25800' author='Milan' rev='659' date='1582786081.0-19800'><msg>CommonUtility to Format seconds to HH:MM:SS</msg><file>bluecardinal-core/src/main/java/com/sigmastream/pr/common/CommonUtils.java</file><parents></parents></changeset>
<changeset node='0f00f5ae4eff8c521e85e879d29b5d6c1e7549c8' author='Milan' rev='662' date='1582832080.0-19800'><msg>Added _actualDataCount,_actualFrequency,_isFrequencyGood,_isCountGood</msg><file>bluecardinal-core/src/main/java/com/sigmastream/bc/dataquality/ChannelQualityMonitor.java</file><file>bluecardinal-core/src/main/java/com/sigmastream/bc/dataquality/ChannelStatastics.java</file><file>bluecardinal-core/src/main/java/com/sigmastream/bc/dataquality/DeviceQualityMonitor.java</file><file>bluecardinal-core/src/main/java/com/sigmastream/bc/dataquality/DeviceStatistics.java</file><file>bluecardinal-core/src/main/java/com/sigmastream/bc/dataquality/WellQualityMonitor.java</file><file>bluecardinal-core/src/main/java/com/sigmastream/bc/dataquality/WellStatistics.java</file><file>bluecardinal-core/src/main/java/com/sigmastream/pr/common/BCSources.java</file><file>bluecardinal-core/src/main/java/com/sigmastream/pr/common/OperationalEvents.java</file><file>bluecardinal-core/src/main/java/com/sigmastream/pr/operator/DataQualityOperator.java</file><file>bluecardinal-core/src/main/java/com/sigmastream/pr/processor/DataQualityP.java</file><parents>659:5b74be6bde3c </parents></changeset>
<changeset node='263415ab6ca496094202c05775d0695343fa502c' author='Milan' rev='671' date='1583324388.0-19800'><msg>Channel Quality Monitor : Added actualFrequency, actualDataCount,
Channel Quality Monitor : Changed isDeadChannel interted output.
Channel Statistics : exptected datacount and minMax data score fixed.
Device Quality Monitor : _actualDeviceFrequency, _totalDeviceDataCount.
Well Quality Monitor : _totalDataCount,_isWellQualityGood,_accumTotalWellStreamTime
Data Quality Operator : new Outchannel added.
Refactor DataQualityP.
Added suport of Augmented  payload in DataQualityp.</msg><file>bluecardinal-core/src/main/java/com/sigmastream/bc/dataquality/ChannelQualityMonitor.java</file><file>bluecardinal-core/src/main/java/com/sigmastream/bc/dataquality/ChannelStatastics.java</file><file>bluecardinal-core/src/main/java/com/sigmastream/bc/dataquality/DeviceQualityMonitor.java</file><file>bluecardinal-core/src/main/java/com/sigmastream/bc/dataquality/WellQualityMonitor.java</file><file>bluecardinal-core/src/main/java/com/sigmastream/pr/operator/DataQualityOperator.java</file><file>bluecardinal-core/src/main/java/com/sigmastream/pr/processor/DataQualityP.java</file><parents>662:0f00f5ae4eff </parents></changeset>
<changeset node='25bab0b9a3001c58c2e25eb7f73e63c5fafda236' author='Milan' rev='672' date='1583325700.0-19800'><msg>Added support to stream channe using data types.</msg><file>bluecardinal-core/src/main/java/com/sigmastream/pr/operator/DataQualityOperator.java</file><file>bluecardinal-engine/config/operator-dataquality-extended.config</file><parents></parents></changeset>
<changeset node='3061fd7104703a4397fab6ccf43a92205e91707b' author='Parth' rev='673' date='1583325921.0-19800'><msg>Merge with T7646-AddStatisticsInDataQualityOperator</msg><parents>651:061cc0306d10 672:25bab0b9a300 </parents></changeset>
<changeset node='b076afb6c308d1db7f4c3bad7b44f06073c7c637' author='Parth' rev='674' date='1583326305.0-19800'><msg>Add datatype support to stream the data as actual datatype of that channel.</msg><file>bluecardinal-core/src/main/java/com/sigmastream/pr/common/BCConstants.java</file><file>bluecardinal-core/src/main/java/com/sigmastream/pr/yh/sink/YhWSocketPublisher.java</file><parents></parents></changeset>
<changeset node='e41378e7ae2cef946cea32c86a1f2c407fe13476' author='Parth' rev='675' date='1583327778.0-19800'><msg>Change the constant key to fetch the datatype from the channel configueration map.</msg><file>bluecardinal-core/src/main/java/com/sigmastream/pr/yh/sink/YhWSocketPublisher.java</file><parents></parents></changeset>
<changeset node='36c29792ae9ae2ad409cec0a3fd502f3a7a5043f' author='Milan' rev='676' date='1583327806.0-19800'><msg>Added Missing StatisticsDataQualityP class.</msg><addedFile>bluecardinal-core/src/main/java/com/sigmastream/pr/processor/StatisticsDataQualityP.java</addedFile><file>bluecardinal-core/src/main/java/com/sigmastream/pr/processor/StatisticsDataQualityP.java</file><parents></parents></changeset>
<changeset node='10b5302275e1e8a3a9b8aade6870186783835feb' author='Parth' rev='677' date='1583327945.0-19800'><msg>Merge with DATAQUALITY-T7693-AddDATATYPESupport</msg><parents>673:3061fd710470 676:36c29792ae9a </parents></changeset>
<changeset node='9c4b8bfdb94d9fc545214a3770c531a1903bb984' author='Parth' rev='678' date='1583327963.0-19800'><msg>Merge with RC1.2.0</msg><parents>652:80e199ae66a2 677:10b5302275e1 </parents></changeset>
<changeset node='247e16f011e3116fc34878e054e55ed81edd00c3' author='Sandip Parmar' rev='685' date='1583501316.0-19800'><msg>Add csv and yh updates of config file.</msg><addedFile>bluecardinal-engine/config/csv-operator-well-operational.config</addedFile><addedFile>bluecardinal-engine/config/yh-operator-well-operational.config</addedFile><file>bluecardinal-engine/config/csv-operator-well-operational.config</file><file>bluecardinal-engine/config/yh-operator-well-operational.config</file><parents>677:10b5302275e1 </parents></changeset>
<changeset node='1d31c2b4394ef2c7372f3288d6d9cf0fb91ef289' author='Sandip Parmar' rev='686' date='1583501350.0-19800'><msg>Merge with RC1.2.0</msg><parents>678:9c4b8bfdb94d 685:247e16f011e3 </parents></changeset>
<changeset node='249ab4a49985ea3e2a6ffe1be40053ae973b44ea' author='Sandip Parmar' rev='690' date='1583504312.0-19800'><msg>Update UOM BC_TrippingEventCorrection.</msg><file>bluecardinal-engine/config/csv-operator-well-operational.config</file><file>bluecardinal-engine/config/yh-operator-well-operational.config</file><parents>685:247e16f011e3 </parents></changeset>
<changeset node='20a22be1b6eb5d15f324b07a5084e55d0a266ad9' author='Sandip Parmar' rev='691' date='1583504339.0-19800'><msg>Merge with RC1.2.0</msg><parents>686:1d31c2b4394e 690:249ab4a49985 </parents></changeset>
<changeset node='49d583d7fa63aaf935ff10f199b4a90a4d2155f9' author='Milan' rev='741' date='1587387505.0-19800'><msg>Merge with RC1.2.1</msg><file>bluecardinal-core/src/main/java/com/sigmastream/pr/common/BCSources.java</file><file>bluecardinal-core/src/main/java/com/sigmastream/pr/common/YhChannelConfig.java</file><parents>691:20a22be1b6eb 740:5daca6eb2d68 </parents></changeset>
</changesets>