<?xml version='1.1' encoding='UTF-8'?>
<org.jenkinsci.plugins.emailext__template.ExtendedEmailTemplatePublisher_-DescriptorImpl plugin="emailext-template@1.1">
  <templates>
    <org.jenkinsci.plugins.emailext__template.ExtendedEmailPublisherTemplate>
      <id>emailext-template-1587736292903</id>
      <name>BEST-EMAIL-TEMPLATE</name>
      <description>HTML REPORT TEMPLATE</description>
      <publisher plugin="email-ext@2.69">
        <recipientList>jay.patel@sigmastream.com</recipientList>
        <configuredTriggers>
          <hudson.plugins.emailext.plugins.trigger.FailureTrigger>
            <email>
              <subject>$PROJECT_DEFAULT_SUBJECT</subject>
              <body>$PROJECT_DEFAULT_CONTENT</body>
              <recipientProviders>
                <hudson.plugins.emailext.plugins.recipients.DevelopersRecipientProvider/>
                <hudson.plugins.emailext.plugins.recipients.RequesterRecipientProvider/>
              </recipientProviders>
              <attachmentsPattern></attachmentsPattern>
              <attachBuildLog>false</attachBuildLog>
              <compressBuildLog>false</compressBuildLog>
              <replyTo>$PROJECT_DEFAULT_REPLYTO</replyTo>
              <contentType>project</contentType>
            </email>
          </hudson.plugins.emailext.plugins.trigger.FailureTrigger>
          <hudson.plugins.emailext.plugins.trigger.SuccessTrigger>
            <email>
              <subject>$PROJECT_DEFAULT_SUBJECT</subject>
              <body>$PROJECT_DEFAULT_CONTENT</body>
              <recipientProviders>
                <hudson.plugins.emailext.plugins.recipients.RequesterRecipientProvider/>
              </recipientProviders>
              <attachmentsPattern></attachmentsPattern>
              <attachBuildLog>false</attachBuildLog>
              <compressBuildLog>false</compressBuildLog>
              <replyTo>$PROJECT_DEFAULT_REPLYTO</replyTo>
              <contentType>project</contentType>
            </email>
          </hudson.plugins.emailext.plugins.trigger.SuccessTrigger>
        </configuredTriggers>
        <contentType>both</contentType>
        <defaultSubject>$DEFAULT_SUBJECT</defaultSubject>
        <defaultContent>&lt;!DOCTYPE html&gt;
&lt;html lang=&quot;en&quot;&gt;

&lt;head&gt;
  &lt;meta http-equiv=&quot;Content-Type&quot; content=&quot;text/html; charset=UTF-8&quot;&gt;
  &lt;meta charset=&quot;UTF-8&quot;&gt;
  &lt;title&gt;Email&lt;/title&gt;
&lt;/head&gt;

&lt;body style=&quot;margin: 0; padding: 0;&quot;&gt;
  &lt;table logopacing=&quot;0&quot; style=&quot;width: 90%;border-collapse: collapse;&quot;&gt;
    &lt;thead style=&quot;background-color: #FFFFFF;&quot;&gt;
      &lt;tr&gt;
        &lt;td colspan=&quot;7&quot; style=&quot;height: 32px;&quot;&gt;&lt;/td&gt;
      &lt;/tr&gt;
      &lt;tr&gt;
        &lt;td rowspan=&quot;2&quot; colspan=&quot;1&quot; style=&quot;padding-left: 10px;&quot;&gt;&lt;/td&gt;
        &lt;td rowspan=&quot;2&quot; colspan=&quot;2&quot; style=&quot;padding: 0 0 10px 0;width: 156px;text-align: center;&quot;&gt;
          &lt;img alt=&quot;logo&quot; src=&quot;https://raw.githubusercontent.com/abitrian/mailing-jenkins/master/img/logo.png&quot;&gt;
        &lt;/td&gt;
        &lt;td colspan=&quot;3&quot; style=&quot;font-family: Lato-Bold, Helvetica; font-size: 12px; color: #343B49; letter-spacing: 2px; line-height: 16px; text-transform: uppercase;&quot;&gt;
          logo Workflow Tool
        &lt;/td&gt;
      &lt;/tr&gt;
      &lt;tr&gt;
        &lt;td colspan=&quot;4&quot; style=&quot;display:inline;letter-spacing:1px;font-weight:700;font-size:24px;line-height:30px;font-family:Lato-Bold,Helvetica;padding-right:24px&quot;&gt;
          ${statusSuccess ? &apos;The job is done&apos; : &quot;The job couldn&apos;t be done&quot;}
        &lt;/td&gt;
      &lt;/tr&gt;
      &lt;tr&gt;
        &lt;td colspan=&quot;1&quot; style=&quot;height: 10px; width: 30px&quot;&gt;&lt;/td&gt;
        &lt;td colspan=&quot;2&quot; style=&quot;height: 10px;&quot;&gt;&lt;/td&gt;
        &lt;td colspan=&quot;3&quot; style=&quot;height: 10px;&quot;&gt;&lt;/td&gt;
        &lt;td colspan=&quot;1&quot; style=&quot;height: 10px; width: 100px&quot;&gt;&lt;/td&gt;
      &lt;/tr&gt;
    &lt;/thead&gt;
    &lt;tbody style=&quot;background-color: #F4F4F4;&quot;&gt;
      &lt;tr&gt;
        &lt;td colspan=&quot;1&quot;&gt;&lt;/td&gt;
        &lt;td colspan=&quot;2&quot; style=&quot;height: 24px;position: relative;&quot;&gt;
        &lt;/td&gt;
        &lt;td colspan=&quot;4&quot;&gt;&lt;/td&gt;
      &lt;/tr&gt;
      &lt;!--TABLE1--&gt;
      &lt;tr&gt;
        &lt;td rowspan=&quot;3&quot; colspan=&quot;1&quot;&gt;&lt;/td&gt;
        &lt;td rowspan=&quot;3&quot; colspan=&quot;2&quot; style=&quot;text-align: center;&quot;&gt;
          &lt;img alt=&quot;jenkins&quot; src=&quot;https://raw.githubusercontent.com/abitrian/mailing-jenkins/master/img/jenkins.png&quot;&gt;
        &lt;/td&gt;
        &lt;td colspan=&quot;2&quot; style=&quot;vertical-align: bottom;font-family: Georgia; font-weight: bold; font-size: 16px; color: #343B49; letter-spacing: 1px; line-height: 16px;&quot;&gt;
          Jenkins
        &lt;/td&gt;
        &lt;td rowspan=&quot;3&quot; colspan=&quot;2&quot; style=&quot;padding-right: 24px;&quot;&gt;
          &lt;table logopacing=&quot;0&quot; cellpadding=&quot;0&quot; width=&quot;142px&quot; style=&quot;text-align: center;&quot;&gt;
            &lt;tr&gt;
              &lt;td width=&quot;64px&quot; height=&quot;142px&quot;&gt;
                &lt;a href=&quot;${jenkinsUrl}&quot; style=&quot;text-decoration: none;border-radius: 50%;background-color: #ffffff;display: inline-block;height: 72px;width: 72px;line-height: 76px;text-align: center&quot;&gt;
                  &lt;img alt=&quot;arrow&quot; style=&quot;&quot; src=&quot;https://raw.githubusercontent.com/abitrian/mailing-jenkins/master/img/arrow.png&quot;&gt;
                &lt;/a&gt;
              &lt;/td&gt;
            &lt;/tr&gt;
          &lt;/table&gt;
        &lt;/td&gt;

      &lt;/tr&gt;
      &lt;tr&gt;
        &lt;td colspan=&quot;2&quot; style=&quot;vertical-align: middle; font-family: Lato-Light, Helvetica; font-size: 24px; color: #343B49; letter-spacing: 1px; line-height: 30px;&quot;&gt;
          ${jenkinsText}
        &lt;/td&gt;
      &lt;/tr&gt;
      &lt;tr&gt;
        &lt;td colspan=&quot;2&quot; style=&quot;vertical-align: baseline; font-family: Lato, Helvetica; font-size: 16px; color: ${statusSuccess ? &apos;#00D06D&apos; : &apos;#FF0082&apos;}; letter-spacing: 1px; line-height: 16px; font-weight:900; text-transform: capitalize;&quot;&gt;
          ${statusSuccess ? &apos;successful&apos; : &apos;failed&apos;}
        &lt;/td&gt;
      &lt;/tr&gt;
      &lt;!--TABLE1--&gt;
      &lt;tr&gt;
        &lt;td colspan=&quot;7&quot; style=&quot;height: 32px;&quot;&gt;&lt;/td&gt;
      &lt;/tr&gt;
      &lt;!--TABLE2--&gt;
      &lt;tr style=&quot;background-color: #FFFFFF;${ hasArtifacts ? &apos;&apos; : &apos;display: none;&apos; }&quot;&gt;
        &lt;td rowspan=&quot;2&quot; colspan=&quot;1&quot; style=&quot;background-color: #F4F4F4;&quot;&gt;&lt;/td&gt;
        &lt;td rowspan=&quot;2&quot; colspan=&quot;2&quot; style=&quot;padding-left: 24px;text-align: center;&quot;&gt;
          &lt;img alt=&quot;files&quot; src=&quot;https://raw.githubusercontent.com/abitrian/mailing-jenkins/master/img/download-files.png&quot;&gt;
        &lt;/td&gt;
        &lt;td colspan=&quot;2&quot; style=&quot;padding-top: 10px;vertical-align: bottom; font-family: Lato-Bold, Helvetica; font-size: 12px; color: #343B49; letter-spacing: 2px; line-height: 16px; text-transform: uppercase;&quot;&gt;
          App files
        &lt;/td&gt;
        &lt;td rowspan=&quot;2&quot; colspan=&quot;2&quot; style=&quot;padding: 0 24px 0 0;border-collapse: collapse;background-color: #F4F4F4;${ statusSuccess ? &apos;padding: 0;&apos; : &apos;display: none;&apos; }&quot;&gt;
          &lt;table logopacing=&quot;0&quot; cellpadding=&quot;0&quot; width=&quot;142px&quot; style=&quot;border-color: #FFFFFF;border-collapse: collapse;text-align: center;background-color: #FFFFFF;border-top-right-radius: 50%;&quot;&gt;
            &lt;tr&gt;
              &lt;td width=&quot;64px&quot; height=&quot;142px&quot;&gt;
                &lt;a href=&quot;${downloadUrl}&quot; style=&quot;padding: 28px 28px 28px 28px;text-decoration: none;border-radius: 50%;background-color: #224FBD;&quot;&gt;
                  &lt;img style=&quot;position:relative;margin: 4px 0px 0px 0px;&quot; alt=&quot;arrow&quot; src=&quot;https://raw.githubusercontent.com/abitrian/mailing-jenkins/master/img/arrow-white.png&quot;&gt;
                &lt;/a&gt;
              &lt;/td&gt;
            &lt;/tr&gt;
          &lt;/table&gt;
        &lt;/td&gt;
      &lt;/tr&gt;
      &lt;tr style=&quot;background-color: #FFFFFF;${ hasArtifacts ? &apos;&apos; : &apos;display: none;&apos; }&quot;&gt;
        &lt;td colspan=&quot;2&quot; style=&quot;padding-top: 15px;vertical-align: baseline;font-family: Lato-Light, Helvetica; font-size: 24px; color: #343B49; letter-spacing: 1px; line-height: 24px;&quot;&gt;
          Ready to download &amp;amp; install
        &lt;/td&gt;
      &lt;/tr&gt;
      &lt;tr style=&quot;${ hasArtifacts ? &apos;&apos; : &apos;display: none;&apos; }&quot;&gt;
        &lt;td colspan=&quot;7&quot; style=&quot;height: 32px; border-bottom: solid #F4F4F4 1px;&quot;&gt;&lt;/td&gt;
      &lt;/tr&gt;
      &lt;!--TABLE2--&gt;
    &lt;/tbody&gt;
    &lt;tfoot style=&quot;background-color: #F4F4F4;&quot;&gt;
      &lt;tr&gt;
        &lt;td colspan=&quot;2&quot;&gt;&lt;/td&gt;
        &lt;td colspan=&quot;5&quot; style=&quot;font-family: Lato-Bold, Helvetica; font-size: 10px; color: #AEAEAE; letter-spacing: 2px; line-height: 16px; margin-bottom: 0; text-transform: uppercase;&quot;&gt;
          Provided by logo
        &lt;/td&gt;
      &lt;/tr&gt;
      &lt;tr&gt;
        &lt;td colspan=&quot;2&quot;&gt;&lt;/td&gt;
        &lt;td colspan=&quot;1&quot; style=&quot;font-family: Lato-Light, Helvetica; color: #AEAEAE; letter-spacing: 1px; font-weight: normal; font-size: 12px; line-height: 20px; margin: 8px 0;&quot;&gt;
          A &lt;strong style=&quot;font-family: Lato-Bold, Helvetica; color: #343B49;&quot;&gt;Medium&lt;/strong&gt; Engine
        &lt;/td&gt;
        &lt;td colspan=&quot;4&quot; style=&quot;text-align: right;padding-right: 67px;&quot;&gt;
          &lt;ul style=&quot;list-style-type: none; margin: 0; padding: 0;&quot;&gt;
            &lt;li style=&quot;display: inline; letter-spacing: 1px; font-weight: 700; font-size: 12px; line-height: 20px; font-family: Lato-Bold, Helvetica; padding-right: 24px;&quot;&gt;
              &lt;a href=&quot;&quot; style=&quot;text-decoration: none; color: #343B49;&quot;&gt;More&lt;/a&gt;
            &lt;/li&gt;
            &lt;li style=&quot;display: inline; letter-spacing: 1px; font-weight: 700; font-size: 12px; line-height: 20px; font-family: Lato-Bold, Helvetica; padding-right: 24px;&quot;&gt;
              &lt;a href=&quot;&quot; style=&quot;text-decoration: none; color: #343B49;&quot;&gt;Support&lt;/a&gt;
            &lt;/li&gt;
            &lt;li style=&quot;display: inline; letter-spacing: 1px; font-weight: 700; font-size: 12px; line-height: 20px; font-family: Lato-Bold, Helvetica;&quot;&gt;
              &lt;a href=&quot;&quot; style=&quot;text-decoration: none; color: #343B49;&quot;&gt;Contact&lt;/a&gt;
            &lt;/li&gt;
          &lt;/ul&gt;
        &lt;/td&gt;
      &lt;/tr&gt;
      &lt;tr&gt;
        &lt;td colspan=&quot;2&quot;&gt;&lt;/td&gt;
        &lt;td colspan=&quot;5&quot; style=&quot;margin: 6px;&quot;&gt;
        &lt;/td&gt;
      &lt;/tr&gt;
    &lt;/tfoot&gt;
  &lt;/table&gt;
&lt;/body&gt;

&lt;/html&gt;</defaultContent>
        <attachmentsPattern></attachmentsPattern>
        <presendScript>$DEFAULT_PRESEND_SCRIPT</presendScript>
        <postsendScript>$DEFAULT_POSTSEND_SCRIPT</postsendScript>
        <attachBuildLog>true</attachBuildLog>
        <compressBuildLog>false</compressBuildLog>
        <replyTo>$DEFAULT_REPLYTO, support@sigmastream.com</replyTo>
        <from></from>
        <saveOutput>false</saveOutput>
        <disabled>false</disabled>
      </publisher>
    </org.jenkinsci.plugins.emailext__template.ExtendedEmailPublisherTemplate>
  </templates>
</org.jenkinsci.plugins.emailext__template.ExtendedEmailTemplatePublisher_-DescriptorImpl>