<?xml version="1.0" encoding="UTF-8"?>
<changesets>
<changeset node='24761ec49a4930b4fa5186ab7464e549b3aa12a5' author='suresh' rev='15419' date='1643368459.0-19800'><msg>Fix:-
Witsml device uable to select channel
witsml device unable to stream data</msg><file>yellowhammer-webclient/src/main/resources/webapp/js/adaptorconfig/witsmlConfig.js</file><file>yellowhammer-witsml-adaptor/src/main/java/com/sigmastream/yh/witsml/datareader/WitsmlLogReader.java</file><parents>11692:63643369019a </parents></changeset>
</changesets>