<?xml version="1.0" encoding="UTF-8"?>
<changesets>
<changeset node='1895828a1eb41ed1237b4777b16b4fa071dc912c' author='Milan' rev='1270' date='1606210866.0-19800'><msg>Optimize import</msg><file>bluecardinal-core/src/main/java/com/sigmastream/bc/jobs/JobConfiguration.java</file><file>bluecardinal-core/src/main/java/com/sigmastream/pr/common/BCOperators.java</file><file>bluecardinal-core/src/main/java/com/sigmastream/pr/processor/ExpectedDataQualityP.java</file><parents>1252:3d1d32625c06 </parents></changeset>
<changeset node='860dfa18a08adc9bb10dd1d477a4b65a6af27fd8' author='Milan' rev='1271' date='1606211100.0-19800'><msg>- Restart job when streaming is not active.</msg><file>bluecardinal-core/src/main/java/com/sigmastream/pr/processor/StreamAugmentationP.java</file><file>bluecardinal-core/src/main/java/com/sigmastream/pr/processor/oes/YhWSocketStreamSourceDQP.java</file><file>bluecardinal-core/src/main/java/com/sigmastream/pr/processor/oes/YhWSocketStreamSourceP.java</file><parents></parents></changeset>
<changeset node='bb672fa76413dbee1d03fae66ee5911d21ee1ccf' author='Milan' rev='1272' date='1606211128.0-19800'><msg>Merge with DataQuality-B9164-ML-DeviceDQ</msg><parents>1252:3d1d32625c06 1271:860dfa18a08a </parents></changeset>
<changeset node='3d613ad5b4e1b58fa52f45be8f283ac1fc10a636' author='Milan' rev='1273' date='1606222366.0-19800'><msg>- Fix job restart issue.</msg><file>bluecardinal-core/src/main/java/com/sigmastream/pr/processor/StreamAugmentationP.java</file><file>bluecardinal-core/src/main/java/com/sigmastream/pr/processor/oes/YhWSocketStreamSourceP.java</file><parents></parents></changeset>
<changeset node='e6f0ef83d5cd32ff83a49493d22ab6a166ff1c8a' author='Milan' rev='1274' date='1606228255.0-19800'><msg>Refactored AutoWellChange when streaming is not active
- Stopped existing connection.</msg><file>bluecardinal-core/src/main/java/com/sigmastream/pr/processor/StreamAugmentationP.java</file><file>bluecardinal-core/src/main/java/com/sigmastream/pr/processor/oes/YhWSocketStreamSourceDQP.java</file><file>bluecardinal-core/src/main/java/com/sigmastream/pr/processor/oes/YhWSocketStreamSourceP.java</file><parents></parents></changeset>
<changeset node='06f8125a49e8d9ec39bbd1b108d07e8365ed83b5' author='Parth' rev='1275' date='1606280112.0-19800'><msg>Refactore the signal processing operator to update the hazelcast jet version.</msg><addedFile>bluecardinal-core/src/main/java/com/sigmastream/pr/processor/oes/FFTOperationP.java</addedFile><addedFile>bluecardinal-engine/config/SignalProcessing-operator.config</addedFile><file>bluecardinal-core/src/main/java/com/sigmastream/pr/common/BCOperators.java</file><file>bluecardinal-core/src/main/java/com/sigmastream/pr/common/BCSources.java</file><file>bluecardinal-core/src/main/java/com/sigmastream/pr/common/YhChannelConfig.java</file><file>bluecardinal-core/src/main/java/com/sigmastream/pr/operator/SignalProcessingOperator.java</file><file>bluecardinal-core/src/main/java/com/sigmastream/pr/processor/oes/FFTOperationP.java</file><file>bluecardinal-engine/config/SignalProcessing-operator.config</file><parents>1273:3d613ad5b4e1 </parents></changeset>
<changeset node='979989d5b43eca2c6bd2f29eae5e1caab428b3e4' author='Parth' rev='1276' date='1606280151.0-19800'><msg>Merge with FFT-T9204-RefactorSignalProcessingOperator</msg><parents>1273:3d613ad5b4e1 1275:06f8125a49e8 </parents></changeset>
<changeset node='47ea46c2a86871adc1f154ff639385a63007693b' author='Milan' rev='1277' date='1606284489.0-19800'><msg>- Added SelfDestructJob to restart job when streaming is not active.</msg><file>bluecardinal-core/src/main/java/com/sigmastream/pr/processor/oes/YhWSocketStreamSourceDQP.java</file><file>bluecardinal-core/src/main/java/com/sigmastream/pr/processor/oes/YhWSocketStreamSourceP.java</file><parents>1274:e6f0ef83d5cd </parents></changeset>
<changeset node='eaae50ac9e4f5bd850815c48612158256f35266c' author='Milan' rev='1278' date='1606326611.0-19800'><msg>1. Removed schedular based implementation.
2. Found cause websocket subscription issue.
   2.1. Fixed SourceSocket reader instance issue.</msg><file>bluecardinal-core/src/main/java/com/sigmastream/pr/operator/DataAnalyserOperator.java</file><file>bluecardinal-core/src/main/java/com/sigmastream/pr/operator/DataQualityOperator.java</file><file>bluecardinal-core/src/main/java/com/sigmastream/pr/operator/SSIndicatorOperator.java</file><file>bluecardinal-core/src/main/java/com/sigmastream/pr/operator/oes/DysfunctionOperator.java</file><file>bluecardinal-core/src/main/java/com/sigmastream/pr/operator/oes/WellOperationalPipeline.java</file><file>bluecardinal-core/src/main/java/com/sigmastream/pr/processor/oes/YhWSocketStreamSourceDQP.java</file><file>bluecardinal-core/src/main/java/com/sigmastream/pr/processor/oes/YhWSocketStreamSourceP.java</file><parents></parents></changeset>
<changeset node='796baffa50f806f1f24699a68ec995275ddd4435' author='Milan' rev='1279' date='1606326658.0-19800'><msg>Merge with Production-Branch</msg><parents>1278:eaae50ac9e4f 1276:979989d5b43e </parents></changeset>
<changeset node='fcc1fddc86c9328fc86b308cbc3ea1854b791849' author='Milan' rev='1280' date='1606363616.0-19800'><msg>- Fixed compilation error.</msg><file>bluecardinal-core/src/main/java/com/sigmastream/pr/common/BCOperators.java</file><file>bluecardinal-core/src/main/java/com/sigmastream/pr/operator/SignalProcessingOperator.java</file><parents></parents></changeset>
<changeset node='dc96ad7c81d0d5a6be401780b32024e72b54c7e4' author='Milan' rev='1281' date='1606365112.0-19800'><msg>Merge with DataQuality-B9164-ML-DeviceDQ</msg><parents>1276:979989d5b43e 1279:796baffa50f8 </parents></changeset>
<changeset node='a24066db7f0092d8f85b0bbb7516925cb6415f39' author='Milan' rev='1282' date='1606365139.0-19800'><msg>Merge with DataQuality-B9164-ML-DeviceDQ</msg><parents>1281:dc96ad7c81d0 1280:fcc1fddc86c9 </parents></changeset>
</changesets>