<?xml version="1.0" encoding="UTF-8"?>
<changesets>
<changeset node='2834d48915984c2f86d50f0474d54fc7440a6335' author='Milan' rev='902' date='1591096600.0-19800'><msg>- Add Support to save state of processor on close
- Add Support to Initialize state on start</msg><file>bluecardinal-core/src/main/java/com/sigmastream/bc/dataquality/ChannelQualityMonitor.java</file><file>bluecardinal-core/src/main/java/com/sigmastream/bc/dataquality/ChannelStatastics.java</file><file>bluecardinal-core/src/main/java/com/sigmastream/bc/dataquality/DeviceQualityMonitor.java</file><file>bluecardinal-core/src/main/java/com/sigmastream/bc/dataquality/DeviceStatistics.java</file><file>bluecardinal-core/src/main/java/com/sigmastream/bc/dataquality/WellQualityMonitor.java</file><file>bluecardinal-core/src/main/java/com/sigmastream/bc/dataquality/WellStatistics.java</file><file>bluecardinal-core/src/main/java/com/sigmastream/bc/jobs/ProcessorState.java</file><file>bluecardinal-core/src/main/java/com/sigmastream/pr/common/BCSources.java</file><file>bluecardinal-core/src/main/java/com/sigmastream/pr/operator/DataQualityOperator.java</file><file>bluecardinal-core/src/main/java/com/sigmastream/pr/processor/DataQualityP.java</file><parents></parents></changeset>
<changeset node='f753f8cac3eca0659eedca15da4f56ac6bccfe12' author='Milan' rev='903' date='1591251571.0-19800'><msg>Added operatorName in DQ config.</msg><file>bluecardinal-engine/config/operator-dataquality-extended.config</file><parents></parents></changeset>
<changeset node='b1b7e56711e5dbb63736546eb8f20d50a625384c' author='Milan' rev='904' date='1591251603.0-19800'><msg>Merge with B7967-StateResetOnRestart</msg><parents>901:30b7034fd33f 903:f753f8cac3ec </parents></changeset>
</changesets>