<?xml version="1.0" encoding="UTF-8"?>
<changesets>
<changeset node='11a9c5ede91a911a747e8b96ace8fd3d749418f0' author='Sandip Parmar' rev='855' date='1586875341.0-19800'><msg>Add support of dysfunction calculation.
Add new dysfunction Operator.
Add new aggregator to find min and max value of current window.
Add new dysfunction preocessor which is calculate dysfunction value of configured channels.</msg><addedFile>bluecardinal-core/src/main/java/com/sigmastream/bc/dysfunction/DysFunctionP.java</addedFile><addedFile>bluecardinal-core/src/main/java/com/sigmastream/pr/operator/oes/DysfunctionOperator.java</addedFile><addedFile>bluecardinal-core/src/main/java/com/simgmastream/bc/accumulator/MutableMinMaxAccumulator.java</addedFile><file>bluecardinal-core/src/main/java/com/sigmastream/bc/aggregate/AggregateOperationsBC.java</file><file>bluecardinal-core/src/main/java/com/sigmastream/bc/dysfunction/DysFunctionP.java</file><file>bluecardinal-core/src/main/java/com/sigmastream/bc/operator/AggregatedChannel.java</file><file>bluecardinal-core/src/main/java/com/sigmastream/pr/common/BCOperators.java</file><file>bluecardinal-core/src/main/java/com/sigmastream/pr/common/BCSources.java</file><file>bluecardinal-core/src/main/java/com/sigmastream/pr/common/YhChannelConfig.java</file><file>bluecardinal-core/src/main/java/com/sigmastream/pr/operator/oes/DysfunctionOperator.java</file><file>bluecardinal-core/src/main/java/com/sigmastream/pr/processor/oes/YhWSocketStreamSourceP.java</file><file>bluecardinal-core/src/main/java/com/simgmastream/bc/accumulator/MutableMinMaxAccumulator.java</file><parents>690:249ab4a49985 </parents></changeset>
<changeset node='95e0e88cd71f3f0c3f8fc11cb1ead0cb10ef8dd5' author='Sandip Parmar' rev='862' date='1587014160.0-19800'><msg>Add new config file for dysfunction.</msg><addedFile>bluecardinal-engine/config/csv-dysfunction.config</addedFile><addedFile>bluecardinal-engine/config/yh-dysfunction.config</addedFile><file>bluecardinal-engine/config/csv-dysfunction.config</file><file>bluecardinal-engine/config/yh-dysfunction.config</file><parents>855:11a9c5ede91a </parents></changeset>
<changeset node='be3fa7baca785c785f6924866e966263efc8bbdd' author='Sandip Parmar' rev='865' date='1587108940.0-19800'><msg>Add coments and logging statement.</msg><file>bluecardinal-core/src/main/java/com/sigmastream/bc/dysfunction/DysFunctionP.java</file><file>bluecardinal-core/src/main/java/com/sigmastream/pr/common/BCSources.java</file><file>bluecardinal-core/src/main/java/com/sigmastream/pr/operator/oes/DysfunctionOperator.java</file><file>bluecardinal-core/src/main/java/com/simgmastream/bc/accumulator/MutableMinMaxAccumulator.java</file><parents>862:95e0e88cd71f </parents></changeset>
<changeset node='839d2feef075452a33526c6999cc84ab9164e768' author='Sandip Parmar' rev='866' date='1587109521.0-19800'><msg>Merge with LogRefactor</msg><file>bluecardinal-core/src/main/java/com/sigmastream/bc/dataquality/ChannelQualityMonitor.java</file><file>bluecardinal-core/src/main/java/com/sigmastream/bc/dataquality/ChannelStatastics.java</file><file>bluecardinal-core/src/main/java/com/sigmastream/bc/dataquality/DeviceQualityMonitor.java</file><file>bluecardinal-core/src/main/java/com/sigmastream/bc/dataquality/DeviceStatistics.java</file><file>bluecardinal-core/src/main/java/com/sigmastream/bc/dataquality/WellQualityMonitor.java</file><file>bluecardinal-core/src/main/java/com/sigmastream/bc/dataquality/WellStatistics.java</file><file>bluecardinal-core/src/main/java/com/sigmastream/pr/common/BCSources.java</file><file>bluecardinal-core/src/main/java/com/sigmastream/pr/common/CommonUtils.java</file><file>bluecardinal-core/src/main/java/com/sigmastream/pr/common/YhChannelConfig.java</file><file>bluecardinal-core/src/main/java/com/sigmastream/pr/operator/DataQualityOperator.java</file><file>bluecardinal-core/src/main/java/com/sigmastream/pr/processor/DataQualityP.java</file><file>bluecardinal-core/src/main/java/com/sigmastream/pr/processor/oes/YhWSocketStreamSourceP.java</file><file>bluecardinal-core/src/main/java/com/sigmastream/pr/yh/sink/YhWSocketPublisher.java</file><parents>865:be3fa7baca78 814:dfb9a7a8edf1 </parents></changeset>
<changeset node='a33c79fa9a2973a0c63ed9dc535b14855d1cd217' author='Sandip Parmar' rev='867' date='1587112844.0-19800'><msg>Resolve merge conflicts from 855 revison number</msg><file>bluecardinal-core/src/main/java/com/sigmastream/bc/dataquality/DeviceQualityMonitor.java</file><file>bluecardinal-core/src/main/java/com/sigmastream/bc/dataquality/WellQualityMonitor.java</file><file>bluecardinal-core/src/main/java/com/sigmastream/pr/processor/DataQualityP.java</file><parents></parents></changeset>
<changeset node='56fe4cf6e157d2808bef68317b74711dd24c189b' author='Sandip Parmar' rev='868' date='1587115043.0-19800'><msg>Update naming convention into pipeline.</msg><file>bluecardinal-core/src/main/java/com/sigmastream/pr/operator/oes/DysfunctionOperator.java</file><parents></parents></changeset>
<changeset node='602d6035a5b3e016a5acf71cf1cf419fe8c2616c' author='Milan' rev='907' date='1591637845.0-19800'><msg>Added ChannelQualityP
Added DeviceQualityP
Added WellQuallityP
Added QualityOperator</msg><addedFile>bluecardinal-core/src/main/java/com/sigmastream/pr/operator/QualityOperator.java</addedFile><addedFile>bluecardinal-core/src/main/java/com/sigmastream/pr/processor/ChannelQualityP.java</addedFile><addedFile>bluecardinal-core/src/main/java/com/sigmastream/pr/processor/DeviceQualityP.java</addedFile><addedFile>bluecardinal-core/src/main/java/com/sigmastream/pr/processor/WellQualityP.java</addedFile><file>bluecardinal-core/src/main/java/com/sigmastream/pr/operator/QualityOperator.java</file><file>bluecardinal-core/src/main/java/com/sigmastream/pr/processor/ChannelQualityP.java</file><file>bluecardinal-core/src/main/java/com/sigmastream/pr/processor/DeviceQualityP.java</file><file>bluecardinal-core/src/main/java/com/sigmastream/pr/processor/WellQualityP.java</file><parents></parents></changeset>
<changeset node='d58ff33bc190a0f1ec953ba4d144545ba42f4dc1' author='Milan' rev='908' date='1591638153.0-19800'><msg>Refactor WellQualityMonitor process param.
Added BCSinks and BCSources.</msg><file>bluecardinal-core/src/main/java/com/sigmastream/bc/dataquality/WellQualityMonitor.java</file><file>bluecardinal-core/src/main/java/com/sigmastream/pr/common/BCOperators.java</file><file>bluecardinal-core/src/main/java/com/sigmastream/pr/common/BCSinks.java</file><file>bluecardinal-core/src/main/java/com/sigmastream/pr/common/BCSources.java</file><file>bluecardinal-core/src/main/java/com/sigmastream/pr/processor/DataQualityP.java</file><parents></parents></changeset>
<changeset node='2f94388ef3fcc67fb7da2061f7b3fa7a0fbdf002' author='Milan' rev='909' date='1591721197.0-19800'><msg>Added BCDataQualityAspect enum.
Added MapSinkP.</msg><addedFile>bluecardinal-core/src/main/java/com/sigmastream/pr/common/BCDataQualityAspect.java</addedFile><addedFile>bluecardinal-core/src/main/java/com/sigmastream/pr/yh/sink/MapSinkP.java</addedFile><file>bluecardinal-core/src/main/java/com/sigmastream/pr/common/BCDataQualityAspect.java</file><file>bluecardinal-core/src/main/java/com/sigmastream/pr/yh/sink/MapSinkP.java</file><parents></parents></changeset>
<changeset node='92f4c55f30392ee09c8ccdf1e5df405577e5b2ce' author='Milan' rev='910' date='1591721290.0-19800'><msg>StatisticsDataQualityP refactored.</msg><file>bluecardinal-core/src/main/java/com/sigmastream/pr/processor/StatisticsDataQualityP.java</file><parents></parents></changeset>
<changeset node='921b765e84494c47cdbc292e312b66d0a36add8a' author='Milan' rev='911' date='1591721604.0-19800'><msg>Added TimeStampEntry of Device and Well Monitor in downstream.</msg><file>bluecardinal-core/src/main/java/com/sigmastream/pr/processor/ChannelQualityP.java</file><file>bluecardinal-core/src/main/java/com/sigmastream/pr/processor/DeviceQualityP.java</file><file>bluecardinal-core/src/main/java/com/sigmastream/pr/processor/WellQualityP.java</file><parents></parents></changeset>
<changeset node='6ea38d90fbd48fb66253cfaddc09b1abfeff9d14' author='Milan' rev='912' date='1591721651.0-19800'><msg>Refator DeviceQualityMonitor and WellQualityMonitor</msg><file>bluecardinal-core/src/main/java/com/sigmastream/bc/dataquality/DeviceQualityMonitor.java</file><file>bluecardinal-core/src/main/java/com/sigmastream/bc/dataquality/WellQualityMonitor.java</file><parents></parents></changeset>
<changeset node='a3296a04565d18d5b18ab2456f20ba8a8e75bea8' author='Milan' rev='913' date='1591723789.0-19800'><msg>- Fixed Device Streaming time 0 due to wrong reference variable.
- Code Refactor</msg><file>bluecardinal-core/src/main/java/com/sigmastream/bc/dataquality/DeviceQualityMonitor.java</file><file>bluecardinal-core/src/main/java/com/sigmastream/bc/dataquality/WellQualityMonitor.java</file><file>bluecardinal-core/src/main/java/com/sigmastream/bc/jobs/ProcessorState.java</file><parents></parents></changeset>
<changeset node='7eff8365f440f815e60afe4e11b744600e1294d8' author='Milan' rev='914' date='1591800261.0-19800'><msg>- Added deviceQuality aspect and wellQualityAspect in DataQuality.
- Added CommonPrefix in QualityOperator.
- Added support for aspectPostfixMapping.</msg><file>bluecardinal-core/src/main/java/com/sigmastream/pr/common/BCDataQualityAspect.java</file><file>bluecardinal-core/src/main/java/com/sigmastream/pr/operator/QualityOperator.java</file><parents></parents></changeset>
<changeset node='d1969d5e1fecbba50753f5682e7b90907959c3fd' author='Milan' rev='915' date='1591800400.0-19800'><msg>Added aspect in Operator config file.</msg><file>bluecardinal-engine/config/operator-dataquality-extended.config</file><parents></parents></changeset>
<changeset node='ff7ea2f54c07faf27677b6c552c66535953a6bd6' author='Milan' rev='916' date='1591806589.0-19800'><msg>- Added postfix support in monitors(i.e. ChannelMonitor, DeviceMonitor, WellMonitor).</msg><file>bluecardinal-core/src/main/java/com/sigmastream/bc/dataquality/ChannelQualityMonitor.java</file><file>bluecardinal-core/src/main/java/com/sigmastream/bc/dataquality/DeviceQualityMonitor.java</file><file>bluecardinal-core/src/main/java/com/sigmastream/bc/dataquality/WellQualityMonitor.java</file><parents></parents></changeset>
<changeset node='605192060bf9401fc64748f6432a910c9e53a3d7' author='Milan' rev='917' date='1591811819.0-19800'><msg>- Fixed streaming now working due to wrong streaming mapping.</msg><file>bluecardinal-core/src/main/java/com/sigmastream/pr/common/BCDataQualityAspect.java</file><parents></parents></changeset>
<changeset node='bfc9c46cd5daa9d52b22f02351208f5887a47814' author='Milan' rev='918' date='1591814539.0-19800'><msg>- DQ Config upgrade.</msg><file>bluecardinal-core/src/main/java/com/sigmastream/pr/operator/QualityOperator.java</file><file>bluecardinal-engine/config/operator-dataquality-extended.config</file><parents></parents></changeset>
<changeset node='586fe7ff386584dbc151e9822f5eaa0ad5d4d4be' author='Milan' rev='919' date='1591855671.0-19800'><msg>- Fixed device accumulate streaming time.</msg><file>bluecardinal-core/src/main/java/com/sigmastream/bc/dataquality/DeviceQualityMonitor.java</file><parents></parents></changeset>
<changeset node='cfb90c3057aadecf93993b395f70a0b61cd0c032' author='Milan' rev='920' date='1591855723.0-19800'><msg>Merge with T8126-DataQualityRefactor</msg><parents>906:aca87435b9d1 919:586fe7ff3865 </parents></changeset>
<changeset node='6dfc5c38d1561556957e88fd3bc1108ea28d3c1a' author='Milan' rev='921' date='1591863771.0-19800'><msg>- Added support to configure channels via config file.</msg><file>bluecardinal-core/src/main/java/com/sigmastream/pr/common/BCDataQualityAspect.java</file><file>bluecardinal-core/src/main/java/com/sigmastream/pr/processor/StatisticsDataQualityP.java</file><parents></parents></changeset>
<changeset node='e63bb7d8230780eb6ffd851d389a947f06fd6cb3' author='Milan' rev='922' date='1591865591.0-19800'><msg>- Upgrade config , added expected files.</msg><file>bluecardinal-engine/config/operator-dataquality-extended.config</file><parents></parents></changeset>
<changeset node='b8a2b90158ef5fae4631325d26c5b50917e969b1' author='Milan' rev='923' date='1591866376.0-19800'><msg>Merge with T8126-DataQualityRefactor</msg><parents>920:cfb90c3057aa 922:e63bb7d82307 </parents></changeset>
<changeset node='64b78f71d4c08bb6f76ae77640fc662de0c482e1' author='Milan' rev='924' date='1591898607.0-19800'><msg>- Added precision Monitor support.
- Added stream api base avg on aswi cal.
- refacotr</msg><file>bluecardinal-core/src/main/java/com/sigmastream/bc/dataquality/ChannelQualityMonitor.java</file><file>bluecardinal-core/src/main/java/com/sigmastream/bc/dataquality/ChannelStatastics.java</file><parents></parents></changeset>
<changeset node='7ca903268f6abcaceb6bb91fbe90cec0bcecff0f' author='Milan' rev='925' date='1591898827.0-19800'><msg>- Fix enum of isCountGood.
- Added enum for precisionScore.
- config update.</msg><file>bluecardinal-core/src/main/java/com/sigmastream/pr/common/BCDataQualityAspect.java</file><file>bluecardinal-core/src/main/java/com/sigmastream/pr/processor/ChannelQualityP.java</file><file>bluecardinal-engine/config/operator-dataquality-extended.config</file><parents></parents></changeset>
<changeset node='4cf8cbcb09a0ab4b7e4b2ae8701e66c3ce1aa403' author='Milan' rev='926' date='1591898934.0-19800'><msg>obfuscation issue resolved for DQ.</msg><file>bluecardinal-core/pom.xml</file><parents></parents></changeset>
<changeset node='79ff1c80cd40f7ead4d07fa499bab2c379059984' author='Milan' rev='927' date='1591899975.0-19800'><msg>Merge with T8126-DataQualityRefactor</msg><parents>923:b8a2b90158ef 926:4cf8cbcb09a0 </parents></changeset>
<changeset node='31d393620202e0a9103c4ab3cfbe6eaa94bab31a' author='Milan' rev='928' date='1591946649.0-19800'><msg>Merge with RC1.2.1</msg><deletedFile>bluecardinal-core/setup.bat</deletedFile><deletedFile>bluecardinal-core/setup.sh</deletedFile><deletedFile>bluecardinal-engine/bin/common.bat</deletedFile><deletedFile>bluecardinal-engine/bin/common.sh</deletedFile><deletedFile>bluecardinal-engine/bin/cpappend.bat</deletedFile><deletedFile>bluecardinal-engine/bin/start-bc-engine.bat</deletedFile><deletedFile>bluecardinal-engine/bin/start-bc-engine.sh</deletedFile><deletedFile>bluecardinal-engine/bin/start-jetserver-with-operators.bat</deletedFile><deletedFile>bluecardinal-engine/bin/start-jetserver-with-operators.sh</deletedFile><deletedFile>bluecardinal-engine/bin/start-yh-operator.bat</deletedFile><deletedFile>bluecardinal-engine/bin/start-yh-operator.sh</deletedFile><deletedFile>bluecardinal-engine/bin/stop-jet.sh</deletedFile><deletedFile>bluecardinal-engine/config/bluecardinal-client.xml</deletedFile><deletedFile>bluecardinal-engine/config/bluecardinal-engine-full-config.xml</deletedFile><deletedFile>bluecardinal-engine/config/bluecardinal-engine.xml</deletedFile><deletedFile>bluecardinal-engine/config/bluecardinal.xml</deletedFile><deletedFile>bluecardinal-engine/config/config.properties</deletedFile><deletedFile>bluecardinal-engine/config/operator-SSIndicator.config</deletedFile><deletedFile>bluecardinal-engine/config/operator-back-reaming.config</deletedFile><deletedFile>bluecardinal-engine/config/operator-circulate.config</deletedFile><deletedFile>bluecardinal-engine/config/operator-dataquality.config</deletedFile><deletedFile>bluecardinal-engine/config/operator-drilling-rotary.config</deletedFile><deletedFile>bluecardinal-engine/config/operator-friction-test.config</deletedFile><deletedFile>bluecardinal-engine/config/operator-inslips.config</deletedFile><deletedFile>bluecardinal-engine/config/operator-onoff-bottom.config</deletedFile><deletedFile>bluecardinal-engine/config/operator-pump-in.config</deletedFile><deletedFile>bluecardinal-engine/config/operator-pump-out.config</deletedFile><deletedFile>bluecardinal-engine/config/operator-reaming.config</deletedFile><deletedFile>bluecardinal-engine/config/operator-rotate-circulate.config</deletedFile><deletedFile>bluecardinal-engine/config/operator-rotating-in.config</deletedFile><deletedFile>bluecardinal-engine/config/operator-rotating-out.config</deletedFile><deletedFile>bluecardinal-engine/config/operator-rotating.config</deletedFile><deletedFile>bluecardinal-engine/config/operator-slide-drilling.config</deletedFile><deletedFile>bluecardinal-engine/config/operator-stationary.config</deletedFile><deletedFile>bluecardinal-engine/config/operator-trip-in.config</deletedFile><deletedFile>bluecardinal-engine/config/operator-trip-out.config</deletedFile><deletedFile>bluecardinal-engine/config/operator-well-oe.config</deletedFile><deletedFile>bluecardinal-engine/config/operator-well-operational.config</deletedFile><deletedFile>bluecardinal-engine/config/time-accumulator.config</deletedFile><deletedFile>bluecardinal-engine/config/yh-operators-sink.config</deletedFile><deletedFile>bluecardinal-engine/config/yh-source.config</deletedFile><deletedFile>bluecardinal-engine/config/yh-well-oe-sink.config</deletedFile><deletedFile>bluecardinal-engine/logger/log4j.properties</deletedFile><file>bluecardinal-core/setup.bat</file><file>bluecardinal-core/setup.sh</file><file>bluecardinal-engine/bin/common.bat</file><file>bluecardinal-engine/bin/common.sh</file><file>bluecardinal-engine/bin/cpappend.bat</file><file>bluecardinal-engine/bin/start-bc-engine.bat</file><file>bluecardinal-engine/bin/start-bc-engine.sh</file><file>bluecardinal-engine/bin/start-jetserver-with-operators.bat</file><file>bluecardinal-engine/bin/start-jetserver-with-operators.sh</file><file>bluecardinal-engine/bin/start-yh-operator.bat</file><file>bluecardinal-engine/bin/start-yh-operator.sh</file><file>bluecardinal-engine/bin/stop-jet.sh</file><file>bluecardinal-engine/config/bluecardinal-client.xml</file><file>bluecardinal-engine/config/bluecardinal-engine-full-config.xml</file><file>bluecardinal-engine/config/bluecardinal-engine.xml</file><file>bluecardinal-engine/config/bluecardinal.xml</file><file>bluecardinal-engine/config/config.properties</file><file>bluecardinal-engine/config/operator-SSIndicator.config</file><file>bluecardinal-engine/config/operator-back-reaming.config</file><file>bluecardinal-engine/config/operator-circulate.config</file><file>bluecardinal-engine/config/operator-dataquality.config</file><file>bluecardinal-engine/config/operator-drilling-rotary.config</file><file>bluecardinal-engine/config/operator-friction-test.config</file><file>bluecardinal-engine/config/operator-inslips.config</file><file>bluecardinal-engine/config/operator-onoff-bottom.config</file><file>bluecardinal-engine/config/operator-pump-in.config</file><file>bluecardinal-engine/config/operator-pump-out.config</file><file>bluecardinal-engine/config/operator-reaming.config</file><file>bluecardinal-engine/config/operator-rotate-circulate.config</file><file>bluecardinal-engine/config/operator-rotating-in.config</file><file>bluecardinal-engine/config/operator-rotating-out.config</file><file>bluecardinal-engine/config/operator-rotating.config</file><file>bluecardinal-engine/config/operator-slide-drilling.config</file><file>bluecardinal-engine/config/operator-stationary.config</file><file>bluecardinal-engine/config/operator-trip-in.config</file><file>bluecardinal-engine/config/operator-trip-out.config</file><file>bluecardinal-engine/config/operator-well-oe.config</file><file>bluecardinal-engine/config/operator-well-operational.config</file><file>bluecardinal-engine/config/time-accumulator.config</file><file>bluecardinal-engine/config/yh-operators-sink.config</file><file>bluecardinal-engine/config/yh-source.config</file><file>bluecardinal-engine/config/yh-well-oe-sink.config</file><file>bluecardinal-engine/logger/log4j.properties</file><parents>868:56fe4cf6e157 896:3d7ba31a518c </parents></changeset>
<changeset node='4be62e6f6565603323ab38fcfa9c7030408f4396' author='Milan' rev='929' date='1591946705.0-19800'><msg>Merge with T7048-DysfunctionCalculation</msg><parents>896:3d7ba31a518c 928:31d393620202 </parents></changeset>
<changeset node='52240421b09a082c0f206c2ae527225e2fa9706b' author='Milan' rev='930' date='1591946878.0-19800'><msg>Merge with RC1.2.1</msg><file>bluecardinal-core/src/main/java/com/sigmastream/bc/dataquality/WellQualityMonitor.java</file><file>bluecardinal-core/src/main/java/com/sigmastream/pr/common/BCSources.java</file><file>bluecardinal-core/src/main/java/com/sigmastream/pr/common/YhChannelConfig.java</file><parents>897:a702578d46fa 929:4be62e6f6565 </parents></changeset>
<changeset node='cf4b94680668f4977d1a74c9a31150e480ac9ec0' author='Milan' rev='931' date='1591947430.0-19800'><msg>Merge with Development-Branch</msg><file>bluecardinal-core/src/main/java/com/sigmastream/bc/dataquality/DeviceQualityMonitor.java</file><file>bluecardinal-core/src/main/java/com/sigmastream/bc/dataquality/WellQualityMonitor.java</file><file>bluecardinal-core/src/main/java/com/sigmastream/pr/common/BCOperators.java</file><file>bluecardinal-core/src/main/java/com/sigmastream/pr/common/BCSources.java</file><file>bluecardinal-core/src/main/java/com/sigmastream/pr/processor/DataQualityP.java</file><parents>927:79ff1c80cd40 930:52240421b09a </parents></changeset>
<changeset node='ae0c873203b216ef1a9baf3da57fa9e7fe137d65' author='Milan' rev='932' date='1591959362.0-19800'><msg>conflict resolved.
DQ Channel Fixed</msg><file>bluecardinal-core/src/main/java/com/sigmastream/pr/processor/DataQualityP.java</file><file>bluecardinal-engine/config/operator-dataquality-extended.config</file><parents></parents></changeset>
<changeset node='24ace0b63a99cc0ed79f76301706a169770f69af' author='Milan' rev='933' date='1591978836.0-19800'><msg>- added channel tagNum support in dataQuality.</msg><file>bluecardinal-core/src/main/java/com/sigmastream/pr/common/YhChannelConfig.java</file><file>bluecardinal-core/src/main/java/com/sigmastream/pr/operator/QualityOperator.java</file><file>bluecardinal-core/src/main/java/com/sigmastream/pr/processor/YhWSocketSinkP.java</file><file>bluecardinal-core/src/main/java/com/sigmastream/pr/yh/source/DiscoveryMessageHandlar.java</file><parents></parents></changeset>
<changeset node='02282465854a760e325882000e3babb6bc68ab9c' author='Milan' rev='934' date='1591983193.0-19800'><msg>- Added invertedInputstream
- Fixed TagNum.</msg><file>bluecardinal-core/src/main/java/com/sigmastream/pr/common/BCConstants.java</file><file>bluecardinal-core/src/main/java/com/sigmastream/pr/operator/QualityOperator.java</file><file>bluecardinal-core/src/main/java/com/sigmastream/pr/processor/YhWSocketSinkP.java</file><file>bluecardinal-core/src/main/java/com/sigmastream/pr/yh/sink/YhWSocketPublisher.java</file><parents></parents></changeset>
<changeset node='62976eec13a096cbe3235578566e2e0e7de58c3f' author='Milan' rev='935' date='1592049730.0-19800'><msg>- Fixed missing tagNum due to aspect.
- Refactor code.</msg><file>bluecardinal-core/src/main/java/com/sigmastream/pr/operator/QualityOperator.java</file><file>bluecardinal-core/src/main/java/com/sigmastream/pr/operator/oes/WellOperationalPipeline.java</file><file>bluecardinal-core/src/main/java/com/sigmastream/pr/processor/DeviceQualityP.java</file><file>bluecardinal-core/src/main/java/com/sigmastream/pr/processor/WellQualityP.java</file><file>bluecardinal-core/src/main/java/com/sigmastream/pr/processor/YhWSocketSinkP.java</file><file>bluecardinal-core/src/main/java/com/sigmastream/pr/processor/oes/WellEventAggregationP.java</file><parents></parents></changeset>
<changeset node='54b8730c2717d07bba8457cc6c9836138befaa66' author='Milan' rev='936' date='1592050049.0-19800'><msg>- fixed Null pointer on IMapJet.</msg><file>bluecardinal-core/src/main/java/com/sigmastream/bc/dataquality/ChannelQualityMonitor.java</file><parents></parents></changeset>
<changeset node='3e89cec118bf3a64205771a234e1d36395ca956a' author='Milan' rev='937' date='1592050096.0-19800'><msg>Merge with T8126-DataQualityRefactor</msg><parents>932:ae0c873203b2 936:54b8730c2717 </parents></changeset>
<changeset node='45af07515692e6facee73731a20b0e114b02147d' author='Milan' rev='938' date='1592069537.0-19800'><msg>- totalChannelASWI removed.
- update dq config.</msg><file>bluecardinal-core/src/main/java/com/sigmastream/pr/common/BCDataQualityAspect.java</file><file>bluecardinal-core/src/main/java/com/sigmastream/pr/operator/QualityOperator.java</file><file>bluecardinal-core/src/main/java/com/sigmastream/pr/processor/ChannelQualityP.java</file><file>bluecardinal-core/src/main/java/com/sigmastream/pr/processor/DeviceQualityP.java</file><file>bluecardinal-core/src/main/java/com/sigmastream/pr/processor/WellQualityP.java</file><file>bluecardinal-core/src/main/java/com/sigmastream/pr/processor/YhWSocketSinkP.java</file><file>bluecardinal-engine/config/operator-dataquality-extended.config</file><parents></parents></changeset>
<changeset node='26078e56aa086fb5cff39e93131c77203ea5a8c1' author='Milan' rev='939' date='1592161187.0-19800'><msg>Merge with T8126-DataQualityRefactor</msg><parents>937:3e89cec118bf 938:45af07515692 </parents></changeset>
<changeset node='3ee3c49ab47efdf7f736e774232df541a520cd8a' author='Milan' rev='940' date='1592161363.0-19800'><msg>- Added ChannelStaleValueMonitor.
- update config rules</msg><addedFile>bluecardinal-core/src/main/java/com/sigmastream/bc/dataquality/ChannelStaleValueMonitor.java</addedFile><file>bluecardinal-core/src/main/java/com/sigmastream/bc/dataquality/ChannelStaleValueMonitor.java</file><file>bluecardinal-core/src/main/java/com/sigmastream/pr/common/YhChannelConfig.java</file><file>bluecardinal-core/src/main/java/com/sigmastream/pr/processor/ChannelQualityP.java</file><file>bluecardinal-engine/config/operator-dataquality-extended.config</file><parents></parents></changeset>
<changeset node='703a0bed35030442f48ab06e13ba6ab5224d291d' author='Milan' rev='941' date='1592237218.0-19800'><msg>- Added RuleEngine.
- Added staleValue beans.
- Refactore IMapJet to ChannelQualityP.</msg><addedFile>bluecardinal-core/src/main/java/com/sigmastream/bc/dataquality/RuleEngine.java</addedFile><addedFile>bluecardinal-core/src/main/java/com/sigmastream/bc/dataquality/beans/Contextual.java</addedFile><addedFile>bluecardinal-core/src/main/java/com/sigmastream/bc/dataquality/beans/Correlation.java</addedFile><addedFile>bluecardinal-core/src/main/java/com/sigmastream/bc/dataquality/beans/Rules.java</addedFile><addedFile>bluecardinal-core/src/main/java/com/sigmastream/bc/dataquality/beans/StaleValueConfig.java</addedFile><file>bluecardinal-core/src/main/java/com/sigmastream/bc/dataquality/ChannelQualityMonitor.java</file><file>bluecardinal-core/src/main/java/com/sigmastream/bc/dataquality/ChannelStaleValueMonitor.java</file><file>bluecardinal-core/src/main/java/com/sigmastream/bc/dataquality/RuleEngine.java</file><file>bluecardinal-core/src/main/java/com/sigmastream/bc/dataquality/beans/Contextual.java</file><file>bluecardinal-core/src/main/java/com/sigmastream/bc/dataquality/beans/Correlation.java</file><file>bluecardinal-core/src/main/java/com/sigmastream/bc/dataquality/beans/Rules.java</file><file>bluecardinal-core/src/main/java/com/sigmastream/bc/dataquality/beans/StaleValueConfig.java</file><file>bluecardinal-core/src/main/java/com/sigmastream/bc/jobs/ProcessorState.java</file><file>bluecardinal-core/src/main/java/com/sigmastream/pr/common/YhChannelConfig.java</file><file>bluecardinal-core/src/main/java/com/sigmastream/pr/processor/ChannelQualityP.java</file><file>bluecardinal-core/src/main/java/com/sigmastream/pr/processor/DataQualityP.java</file><parents></parents></changeset>
<changeset node='6b454762a6b4b07b19c9ca2576d17f54347d3796' author='Milan' rev='942' date='1592237321.0-19800'><msg>- Added tryCatch in tagNum mapping function.</msg><file>bluecardinal-core/src/main/java/com/sigmastream/pr/processor/YhWSocketSinkP.java</file><parents></parents></changeset>
<changeset node='82bcd6289a7cf15d9ef7e1cb763e7cf815d326df' author='Milan' rev='943' date='1592490574.0-19800'><msg>- Added tagnum support in DQ.</msg><file>bluecardinal-core/src/main/java/com/sigmastream/pr/processor/YhWSocketSinkP.java</file><file>bluecardinal-core/src/main/java/com/sigmastream/pr/processor/oes/YhWSocketStreamSourceDQP.java</file><file>bluecardinal-core/src/main/java/com/sigmastream/pr/yh/sink/YhWSocketPublisher.java</file><parents></parents></changeset>
<changeset node='92130e60c8099503ad1328a7146b93deb4e9843a' author='Milan' rev='944' date='1592490848.0-19800'><msg>- Implemented event share between DQ and OE.
- removed data sharing impl.</msg><file>bluecardinal-core/src/main/java/com/sigmastream/pr/processor/oes/DelayedDecisionP.java</file><file>bluecardinal-core/src/main/java/com/sigmastream/pr/processor/oes/WellEventAggregationP.java</file><parents></parents></changeset>
<changeset node='890d5329ffefaa77e79979c5097b9c6d1b9e6c48' author='Milan' rev='945' date='1592491212.0-19800'><msg>- Added staleData monitor support.
- removed ChannelStaleValueMonitor.
- Added EvaluateExpression to resolve postfix expression.
- Implemented beans for quality Monitor.</msg><addedFile>bluecardinal-core/src/main/java/com/sigmastream/bc/dataquality/EvaluateExpression.java</addedFile><deletedFile>bluecardinal-core/src/main/java/com/sigmastream/bc/dataquality/ChannelStaleValueMonitor.java</deletedFile><file>bluecardinal-core/src/main/java/com/sigmastream/bc/dataquality/ChannelQualityMonitor.java</file><file>bluecardinal-core/src/main/java/com/sigmastream/bc/dataquality/ChannelStaleValueMonitor.java</file><file>bluecardinal-core/src/main/java/com/sigmastream/bc/dataquality/ChannelStatastics.java</file><file>bluecardinal-core/src/main/java/com/sigmastream/bc/dataquality/EvaluateExpression.java</file><file>bluecardinal-core/src/main/java/com/sigmastream/bc/dataquality/RuleEngine.java</file><file>bluecardinal-core/src/main/java/com/sigmastream/bc/dataquality/beans/Correlation.java</file><file>bluecardinal-core/src/main/java/com/sigmastream/pr/common/BCDataQualityAspect.java</file><file>bluecardinal-core/src/main/java/com/sigmastream/pr/processor/ChannelQualityP.java</file><file>bluecardinal-core/src/main/java/com/sigmastream/pr/processor/DataQualityP.java</file><parents></parents></changeset>
<changeset node='cd6f2aa3c21f54e27f9eb783abaeffcbb67266d5' author='Milan' rev='946' date='1592491297.0-19800'><msg>updated data quality config.</msg><file>bluecardinal-engine/config/operator-dataquality-extended.config</file><parents></parents></changeset>
<changeset node='cb0cf365a5d63ffb4bbccf6963e0bf196eaf80b6' author='Milan' rev='947' date='1592491334.0-19800'><msg>Merge with T8126-DataQualityRefactor</msg><parents>939:26078e56aa08 946:cd6f2aa3c21f </parents></changeset>
<changeset node='be46c79a13b97e1368923f33f2d2407e9a1574ea' author='Milan' rev='948' date='1592498842.0-19800'><msg>- Added Channel Name with using tagNum.</msg><file>bluecardinal-core/src/main/java/com/sigmastream/pr/processor/YhWSocketSinkP.java</file><file>bluecardinal-core/src/main/java/com/sigmastream/pr/yh/sink/YhWSocketPublisher.java</file><parents></parents></changeset>
<changeset node='b4af447e248c2bbcf9e7c3e0cfc78a951930ec91' author='Milan' rev='949' date='1592498969.0-19800'><msg>- Fixed NaN value on Channel streaming stop from YH side.</msg><file>bluecardinal-core/src/main/java/com/sigmastream/bc/dataquality/ChannelStatastics.java</file><parents></parents></changeset>
<changeset node='4b172e8ac7f0d82681cfb024d5f085234fa62a90' author='Milan' rev='950' date='1592498992.0-19800'><msg>Merge with T8126-DataQualityRefactor</msg><parents>947:cb0cf365a5d6 949:b4af447e248c </parents></changeset>
<changeset node='e4483cc4c8f997c025d00b1a29b9c9e6ec2544bf' author='Milan' rev='951' date='1592755544.0-19800'><msg>Added serializable interface.</msg><file>bluecardinal-core/src/main/java/com/sigmastream/bc/dataquality/EvaluateExpression.java</file><file>bluecardinal-core/src/main/java/com/sigmastream/bc/dataquality/RuleEngine.java</file><file>bluecardinal-core/src/main/java/com/sigmastream/bc/dataquality/beans/Rules.java</file><file>bluecardinal-core/src/main/java/com/sigmastream/bc/dataquality/beans/StaleValueConfig.java</file><file>bluecardinal-core/src/main/java/com/sigmastream/pr/yh/sink/PayloadManager.java</file><parents></parents></changeset>
<changeset node='afecf4f47190b9c8fd12ad892a0fa40904ff8e90' author='Milan' rev='952' date='1592755658.0-19800'><msg>- Added BCConstant
- refactor</msg><file>bluecardinal-core/src/main/java/com/sigmastream/pr/common/BCConstants.java</file><file>bluecardinal-core/src/main/java/com/sigmastream/pr/processor/DeviceQualityP.java</file><file>bluecardinal-core/src/main/java/com/sigmastream/pr/processor/StatisticsDataQualityP.java</file><file>bluecardinal-core/src/main/java/com/sigmastream/pr/processor/WellQualityP.java</file><parents></parents></changeset>
<changeset node='f081c3411be3db5415f3d64ac6e45453675b7c5b' author='Milan' rev='953' date='1592755693.0-19800'><msg>- Fixed previous state restore issue.</msg><file>bluecardinal-core/src/main/java/com/sigmastream/bc/dataquality/WellQualityMonitor.java</file><parents></parents></changeset>
<changeset node='7b000c6434581908e460475e08f49694516db1cc' author='Milan' rev='954' date='1592755785.0-19800'><msg>Device actual freq issue resolved.</msg><file>bluecardinal-core/src/main/java/com/sigmastream/bc/dataquality/DeviceQualityMonitor.java</file><file>bluecardinal-core/src/main/java/com/sigmastream/bc/dataquality/beans/Contextual.java</file><file>bluecardinal-core/src/main/java/com/sigmastream/bc/dataquality/beans/Correlation.java</file><parents></parents></changeset>
<changeset node='d26903b92cb082a7183f12c623107a7e5bbadc25' author='Milan' rev='955' date='1592755907.0-19800'><msg>- Added support to capture staleData into csv result.
- ChannelQualityP refactored.
- Fixed mutliple device issue in DQ.</msg><file>bluecardinal-core/src/main/java/com/sigmastream/bc/dataquality/ChannelQualityMonitor.java</file><file>bluecardinal-core/src/main/java/com/sigmastream/pr/processor/ChannelQualityP.java</file><parents></parents></changeset>
<changeset node='bd1bbaada1c61e284effbad208010ec4ad2069f3' author='Milan' rev='956' date='1592804788.0-19800'><msg>Merge with T8126-DataQualityRefactor</msg><parents>950:4b172e8ac7f0 955:d26903b92cb0 </parents></changeset>
<changeset node='e6bf00f66113dc5fb2808523389655aeb0e18af4' author='Milan' rev='957' date='1592805352.0-19800'><msg>- Rename action enum.
- Rule Evaluation fixed.
- SKIP action in staledata will improve score.
- SKIP action in Context will imporve score and not evaluate correlation rule.</msg><file>bluecardinal-core/src/main/java/com/sigmastream/bc/dataquality/RuleEngine.java</file><parents></parents></changeset>
<changeset node='4e31ce4c6e8ef8ba584c47ab5149fbaa559e890c' author='Milan' rev='958' date='1592805465.0-19800'><msg>- Refactor Memory leak fix on rev989.</msg><file>bluecardinal-core/src/main/java/com/sigmastream/bc/dataquality/ChannelQualityMonitor.java</file><file>bluecardinal-core/src/main/java/com/sigmastream/bc/dataquality/DeviceQualityMonitor.java</file><file>bluecardinal-core/src/main/java/com/sigmastream/bc/dataquality/WellQualityMonitor.java</file><file>bluecardinal-core/src/main/java/com/sigmastream/pr/processor/ChannelQualityP.java</file><parents></parents></changeset>
<changeset node='311107c0bf773c8008f313e28dd256dd9277c360' author='Milan' rev='959' date='1592805482.0-19800'><msg>Merge with T8126-DataQualityRefactor</msg><parents>956:bd1bbaada1c6 958:4e31ce4c6e8e </parents></changeset>
<changeset node='bc4ad202709846bd9f5a48b4b65e4ffa6a79c8e2' author='Milan' rev='960' date='1592805609.0-19800'><msg>- DataQuality config update</msg><addedFile>operator-dataquality.config</addedFile><deletedFile>bluecardinal-engine/config/operator-dataquality-extended.config</deletedFile><file>bluecardinal-engine/config/operator-dataquality-extended.config</file><file>operator-dataquality.config</file><parents></parents></changeset>
<changeset node='cb3b0056c026b5b99f2e49fb94d9ea8979118342' author='Milan' rev='961' date='1592821465.0-19800'><msg>- removed unwanted logs.
- removed tagNum.</msg><file>bluecardinal-core/src/main/java/com/sigmastream/pr/processor/ChannelQualityP.java</file><file>bluecardinal-core/src/main/java/com/sigmastream/pr/yh/sink/YhWSocketPublisher.java</file><parents></parents></changeset>
<changeset node='e6060535e862064af163cb922e8963da89dfc073' author='Milan' rev='962' date='1592846309.0-19800'><msg>- Fixed actualDevice Freq wrong issue.</msg><addedFile>bluecardinal-engine/config/operator-dataquality.config</addedFile><deletedFile>operator-dataquality.config</deletedFile><file>bluecardinal-core/src/main/java/com/sigmastream/pr/processor/ChannelQualityP.java</file><file>bluecardinal-engine/config/operator-dataquality.config</file><file>operator-dataquality.config</file><parents></parents></changeset>
<changeset node='7d63a577901045e55480d5854b648231bdc0da16' author='Milan' rev='963' date='1592846332.0-19800'><msg>Merge with T8126-DataQualityRefactor</msg><deletedFile>operator-dataquality.config</deletedFile><file>operator-dataquality.config</file><parents>961:cb3b0056c026 962:e6060535e862 </parents></changeset>
<changeset node='111e7db6b5fdf920c02bde24b1499640f75c452b' author='Milan' rev='964' date='1592972138.0-19800'><msg>fixed Bug #8272 - ASWI score is wrong at device level when running quality operator with multiple devices.</msg><file>bluecardinal-core/src/main/java/com/sigmastream/pr/processor/ChannelQualityP.java</file><parents></parents></changeset>
<changeset node='c529e2c6bf8e8a000f347bb756afbbe4dde80106' author='Milan' rev='965' date='1592972152.0-19800'><msg>Merge with B8272-aswiScoreFix</msg><parents>963:7d63a5779010 964:111e7db6b5fd </parents></changeset>
<changeset node='a77403f3df6729e808b176cbc266f8d99bdd0ca5' author='Milan' rev='966' date='1592972396.0-19800'><msg>Added support to handle well change event.</msg><file>bluecardinal-core/src/main/java/com/sigmastream/bc/rest/RestClient.java</file><file>bluecardinal-core/src/main/java/com/sigmastream/pr/processor/oes/YhWSocketStreamSourceDQP.java</file><file>bluecardinal-core/src/main/java/com/sigmastream/pr/processor/oes/YhWSocketStreamSourceP.java</file><parents></parents></changeset>
<changeset node='16990bb1aa856f3e9c8753b9dba374bde43d16d2' author='Milan' rev='967' date='1592972410.0-19800'><msg>Merge with T7150-WellChange</msg><parents>965:c529e2c6bf8e 966:a77403f3df67 </parents></changeset>
<changeset node='e1ca6ed385b0b43c1eb2ed8ceaedc4c5297d43de' author='Milan' rev='968' date='1592972792.0-19800'><msg>fixed channel name.</msg><file>bluecardinal-core/src/main/java/com/sigmastream/pr/yh/sink/YhWSocketPublisher.java</file><parents></parents></changeset>
</changesets>