<?xml version="1.0" encoding="UTF-8"?>
<changesets>
<changeset node='55506e602bc8356e9638862b8bd1aaaf25c4026c' author='Parth' rev='1283' date='1606988614.0-19800'><msg>Added support of stand event simulation into the bluecardinal.</msg><file>bluecardinal-core/src/main/java/com/sigmastream/pr/common/BCSources.java</file><file>bluecardinal-core/src/main/java/com/sigmastream/pr/operator/oes/WellOperationalPipeline.java</file><file>bluecardinal-core/src/main/java/com/sigmastream/pr/processor/oes/StandCalculationP.java</file><parents></parents></changeset>
</changesets>