<?xml version="1.0" encoding="UTF-8"?>
<changesets>
<changeset node='addbf83e9a0ba3e21f412525950611bd7ce3ebde' author='jenkins-user' rev='1074' date='1600082087.0-19800'><msg>Removed hazelcast-client.xml file</msg><deletedFile>bluecardinal-webclient/hazelcast-client.xml</deletedFile><file>bluecardinal-core/project-setup.sh</file><file>bluecardinal-webclient/hazelcast-client.xml</file><parents>1057:b9475f283f40 </parents></changeset>
<changeset node='301e33581c02c7782d2a47eaa0f13585cf96b0ee' author='jenkins-user' rev='1075' date='1600082159.0-19800'><msg>Adde config.xml and unix service file for bluecardinal-webclient.</msg><addedFile>bluecardinal-webclient/bluecardinal-webclient</addedFile><addedFile>bluecardinal-webclient/config.xml</addedFile><file>bluecardinal-webclient/bluecardinal-webclient</file><file>bluecardinal-webclient/config.xml</file><parents></parents></changeset>
</changesets>