<?xml version="1.0" encoding="UTF-8"?>
<changesets>
<changeset node='f442221aa6069b867e43eee1db138ade3c268ed8' author='Hitesh Panchani' rev='997' date='1590049703.0-19800'><msg>Fixed session conflict issue.</msg><file>rc-agent/src/main/java/com/sigmastream/rc/agent/WebServer.java</file><parents></parents></changeset>
<changeset node='191b260c6a34267b14a336d1b903e413753943ad' author='Hitesh Panchani' rev='998' date='1590057698.0-19800'><msg>Updated user information</msg><file>data/sqlite/AppMonitor.db</file><parents></parents></changeset>
<changeset node='36b791b803d147ec63b46495d450baef81b16211' author='Hitesh Panchani' rev='999' date='1590062516.0-19800'><msg>Updated user information</msg><file>build/server/db/sqlite/appmonitor.db</file><parents></parents></changeset>
<changeset node='61927787937b92fd62c2f282845e4da325db375d' author='Hitesh Panchani' rev='1000' date='1590063184.0-19800'><msg>Fixed auto config db issues</msg><file>build/server/db/sqlite/appmonitor.db</file><file>build/server/db/sqlite/appmonitor.db_clean</file><parents></parents></changeset>
<changeset node='7ead14dbfd1c2644c87cd75bda8c0b395923fc83' author='Namita' rev='1001' date='1590434906.0-19800'><msg>Label changes.</msg><file>build/server/i18n/label_en.properties</file><file>rc-server/src/main/resources/webapp/js/section/yhmonitor.js</file><parents></parents></changeset>
<changeset node='adf82c9cd688d8b7314e4a5cb9f2a5647cc0fe30' author='Namita' rev='1002' date='1590435316.0-19800'><msg>Added Regex based channel value monitor at agent.</msg><file>rc-yellowhammer-monitor/src/main/java/com/sigmastream/rc/yellowhammer/event/handler/ChannelEventHandler.java</file><file>rc-yellowhammer-monitor/src/main/java/com/sigmastream/rc/yellowhammer/monitor/YellowHammerMonitor.java</file><file>rc-yellowhammer-monitor/src/main/java/com/sigmastream/rc/yellowhammer/monitor/beans/ChannelParams.java</file><parents></parents></changeset>
<changeset node='ed49a2ce1079d83489cb5271afe02205ea44cd38' author='Namita' rev='1003' date='1590647760.0-19800'><msg>Added Server implementation for Regex monitor.</msg><addedFile>rc-agent/src/main/java/com/sigmastream/rc/rest/api/BaseHandler.java</addedFile><addedFile>rc-agent/src/main/java/com/sigmastream/rc/rest/api/MonitorConfigHandler.java</addedFile><file>rc-agent/src/main/java/com/sigmastream/rc/rest/api/BaseHandler.java</file><file>rc-agent/src/main/java/com/sigmastream/rc/rest/api/GetEventStatsHandler.java</file><file>rc-agent/src/main/java/com/sigmastream/rc/rest/api/MonitorConfigHandler.java</file><file>rc-agent/src/main/java/com/sigmastream/rc/rest/api/ServerApplication.java</file><file>rc-server/src/main/java/com/sigmastream/rc/rest/client/AgentRestClient.java</file><file>rc-server/src/main/java/com/sigmastream/rc/web/section/MonitorDetailSection.java</file><file>rc-server/src/main/java/com/sigmastream/rc/web/view/MonitorInfoHandler.java</file><file>rc-server/src/main/resources/webapp/js/dashboard/content.js</file><file>rc-server/src/main/resources/webapp/js/section/yhmonitor.js</file><file>rc-yellowhammer-monitor/src/main/java/com/sigmastream/rc/yellowhammer/connection/YhConnection.java</file><file>rc-yellowhammer-monitor/src/main/java/com/sigmastream/rc/yellowhammer/event/handler/ChannelEventHandler.java</file><parents></parents></changeset>
<changeset node='20ec086b4e400e47d671ddbbdb54018d78a610ed' author='Namita' rev='1004' date='1590649154.0-19800'><msg>Modified implementation to read regex file through relative path instead of absolute.</msg><file>rc-agent/src/main/java/com/sigmastream/rc/ConfigParams.java</file><file>rc-yellowhammer-monitor/src/main/java/com/sigmastream/rc/yellowhammer/monitor/YellowHammerMonitor.java</file><parents></parents></changeset>
<changeset node='f03908fe9a41808d8446ad358f2a7adb535bc3a1' author='Namita' rev='1005' date='1590649343.0-19800'><msg>Merge with CHNLMON-T8013-RegexChannelMonitor</msg><parents>1001:7ead14dbfd1c 1004:20ec086b4e40 </parents></changeset>
<changeset node='01b8402c2b9219dc88e05f172ff7cc93811617c4' author='Namita' rev='1006' date='1590868260.0-19800'><msg>Changed Acknowledge ment link to secure URL
Display Regex monitor for all category of channels
Hide variance monitor
Fixed issue of not displaying output channels and not updating statistics</msg><file>build/server/i18n/label_en.properties</file><file>rc-server/src/main/java/com/sigmastream/rc/utils/SendEmail.java</file><file>rc-server/src/main/resources/webapp/js/dashboard/content.js</file><file>rc-server/src/main/resources/webapp/js/section/yhmonitor.js</file><file>rc-yellowhammer-monitor/src/main/java/com/sigmastream/rc/yellowhammer/event/handler/ChannelEventHandler.java</file><parents></parents></changeset>
<changeset node='7e3b83dcf494ea9b2eb22d2e9b0bfe0cdd536ef4' author='Namita' rev='1007' date='1590868344.0-19800'><msg>Add AuthenticationFail msg on login screen.</msg><file>build/server/i18n/message_en.properties</file><file>rc-server/src/main/java/com/sigmastream/rc/web/view/AuthHandler.java</file><file>rc-server/src/main/resources/webapp/WEB-INF/jsp/auth/login.jsp</file><parents></parents></changeset>
<changeset node='7bc8f5ef98d952a65238eb88286a7e6b465e5edb' author='Namita' rev='1008' date='1590997283.0-19800'><msg>Fixex issue of setting 0 as port in DATA-PUSH device configuration.</msg><file>rc-server/src/main/java/com/sigmastream/rc/operator/wsocket/client/WSocketClientSink.java</file><parents></parents></changeset>
<changeset node='0e72a6cda45aa4bfefe4304fb22bdacce2c407d4' author='Namita' rev='1009' date='1591001603.0-19800'><msg>Merge with CORE-B8080-DataPushPortIssue</msg><parents>1007:7e3b83dcf494 1008:7bc8f5ef98d9 </parents></changeset>
</changesets>