<?xml version="1.0" encoding="UTF-8"?>
<changesets>
<changeset node='36a1bffc6f770f518b748588af7589a261de791a' author='Namita' rev='992' date='1588952615.0-19800'><msg>Changed DATAPUSH channels status category to DATA
Changed default interval of datapush.</msg><file>rc-server/src/main/java/com/sigmastream/rc/operator/manager/IOTOperatorManager.java</file><file>rc-server/src/main/java/com/sigmastream/rc/operator/wsocket/client/PayloadManager.java</file><parents></parents></changeset>
<changeset node='d948fd69efe7c92ce6c7036de15375fdd8c5f856' author='Namita' rev='993' date='1588952648.0-19800'><msg>Merge with DATAPUSH-B7912-ChannelEvents</msg><parents>991:d9ebcd46fe0b 992:36a1bffc6f77 </parents></changeset>
</changesets>