<?xml version="1.0" encoding="UTF-8"?>
<changesets>
<changeset node='3f38616c8dd6dcaf823118d1f2144d0996bd050b' author='Parth' rev='1286' date='1607767126.0-19800'><msg>Fix the configuration key issue for stand detection simulator.</msg><file>bluecardinal-core/src/main/java/com/sigmastream/pr/operator/oes/WellOperationalPipeline.java</file><file>bluecardinal-core/src/main/java/com/sigmastream/pr/processor/oes/StandCalculationP.java</file><parents></parents></changeset>
<changeset node='a869473e788780ef474e7357d8a3047b32edc269' author='Milan' rev='1287' date='1607926592.0-19800'><msg>- Added debug logs to troublshoot device level statistics issue.</msg><file>bluecardinal-core/src/main/java/com/sigmastream/bc/dataquality/DeviceQualityMonitor.java</file><file>bluecardinal-core/src/main/java/com/sigmastream/bc/dataquality/DeviceStatistics.java</file><file>bluecardinal-core/src/main/java/com/sigmastream/pr/processor/ChannelQualityP.java</file><file>bluecardinal-core/src/main/java/com/sigmastream/pr/processor/DeviceQualityP.java</file><file>bluecardinal-core/src/main/java/com/sigmastream/pr/processor/YhWSocketSinkP.java</file><parents></parents></changeset>
<changeset node='8ac94da5b1c1f4382d304eba33fbfbf011a1aa39' author='Milan' rev='1288' date='1608292587.0-19800'><msg>- Removed SignalProcessingOperator
- Removed FFTOperationP</msg><deletedFile>bluecardinal-core/src/main/java/com/sigmastream/pr/operator/SignalProcessingOperator.java</deletedFile><deletedFile>bluecardinal-core/src/main/java/com/sigmastream/pr/processor/oes/FFTOperationP.java</deletedFile><file>bluecardinal-core/src/main/java/com/sigmastream/pr/operator/SignalProcessingOperator.java</file><file>bluecardinal-core/src/main/java/com/sigmastream/pr/processor/oes/FFTOperationP.java</file><parents></parents></changeset>
<changeset node='7f65f6b5d719c0a14287f57020ce31a511356a44' author='Milan' rev='1289' date='1608292684.0-19800'><msg>- Added FFTOperator.
- Added FFTOperationP.
- Refactored Pipiline
- Reafactored payload to datapayload in processing stage.</msg><addedFile>bluecardinal-core/src/main/java/com/sigmastream/pr/operator/FFTOperator.java</addedFile><addedFile>bluecardinal-core/src/main/java/com/sigmastream/pr/signalprocessing/FFTOperationP.java</addedFile><file>bluecardinal-core/src/main/java/com/sigmastream/pr/operator/FFTOperator.java</file><file>bluecardinal-core/src/main/java/com/sigmastream/pr/signalprocessing/FFTOperationP.java</file><parents></parents></changeset>
<changeset node='c7c6202be4651902215d787a2aa74280c8565dc5' author='Milan' rev='1290' date='1608292780.0-19800'><msg>- Added support for swing visualization.</msg><file>bluecardinal-core/src/main/java/com/sigmastream/pr/common/BCOperators.java</file><file>bluecardinal-core/src/main/java/com/sigmastream/pr/common/BCSources.java</file><file>bluecardinal-core/src/main/java/com/sigmastream/pr/signalprocessing/FFT.java</file><parents></parents></changeset>
<changeset node='ca82c640b2743a380c6bbeaff0731e7d4b794cbb' author='Milan' rev='1291' date='1608292993.0-19800'><msg>- Updated configuration files.</msg><addedFile>bluecardinal-core/config/SignalProcessing-operator.config</addedFile><addedFile>bluecardinal-core/config/operator-dataquality-1.config</addedFile><addedFile>bluecardinal-core/config/operator-dataquality-2.config</addedFile><deletedFile>bluecardinal-engine/config/SignalProcessing-operator.config</deletedFile><file>bluecardinal-core/config/SignalProcessing-operator.config</file><file>bluecardinal-core/config/operator-dataquality-1.config</file><file>bluecardinal-core/config/operator-dataquality-2.config</file><file>bluecardinal-engine/config/SignalProcessing-operator.config</file><parents></parents></changeset>
<changeset node='2006c5c5aa2a5dff5d584ca03b0aca851fb6edad' author='Milan' rev='1292' date='1608625717.0-19800'><msg>- Added FFTCollectOperationP.</msg><addedFile>bluecardinal-core/src/main/java/com/sigmastream/pr/signalprocessing/FFTCollectOperationP.java</addedFile><file>bluecardinal-core/src/main/java/com/sigmastream/pr/signalprocessing/FFTCollectOperationP.java</file><parents></parents></changeset>
<changeset node='fc9b60bd15cd07529e2fdad5d893530687c5d052' author='Milan' rev='1293' date='1608625800.0-19800'><msg>- Refactored FFT operator process data in two stream
- collect and transform</msg><file>bluecardinal-core/src/main/java/com/sigmastream/pr/common/BCSources.java</file><file>bluecardinal-core/src/main/java/com/sigmastream/pr/operator/FFTOperator.java</file><file>bluecardinal-core/src/main/java/com/sigmastream/pr/signalprocessing/FFTOperationP.java</file><parents></parents></changeset>
<changeset node='74624d4619223927a4573a7ed85d64b07fcd8339' author='Milan' rev='1294' date='1608625829.0-19800'><msg>Merge with FFT-T9272-PowerOfTwo</msg><deletedFile>bluecardinal-core/src/main/java/com/sigmastream/pr/operator/SignalProcessingOperator.java</deletedFile><deletedFile>bluecardinal-core/src/main/java/com/sigmastream/pr/processor/oes/FFTOperationP.java</deletedFile><deletedFile>bluecardinal-engine/config/SignalProcessing-operator.config</deletedFile><file>bluecardinal-core/src/main/java/com/sigmastream/pr/operator/SignalProcessingOperator.java</file><file>bluecardinal-core/src/main/java/com/sigmastream/pr/processor/oes/FFTOperationP.java</file><file>bluecardinal-engine/config/SignalProcessing-operator.config</file><parents>1287:a869473e7887 1293:fc9b60bd15cd </parents></changeset>
<changeset node='124de1a101db48b004d29ec893d8c6870b1c4d47' author='Milan' rev='1295' date='1608626006.0-19800'><msg>- Added support for controlling expected data streaming.</msg><file>bluecardinal-core/src/main/java/com/sigmastream/pr/operator/DataQualityOperator.java</file><file>bluecardinal-core/src/main/java/com/sigmastream/pr/processor/ExpectedDataQualityP.java</file><parents></parents></changeset>
<changeset node='adb94e9c119f08e04ae90f716e1977f1c3d06167' author='Milan' rev='1296' date='1608626031.0-19800'><msg>Merge with DataQuality-B9164-ML-DeviceDQ</msg><parents>1294:74624d461922 1295:124de1a101db </parents></changeset>
<changeset node='2e69663a0f3fe6062b720f5838d0263f66b5fc89' author='Milan' rev='1297' date='1608645074.0-19800'><msg>- Fixed build issue. comment out FFT for temporary period.</msg><file>bluecardinal-core/src/main/java/com/sigmastream/pr/signalprocessing/FFTCollectOperationP.java</file><file>bluecardinal-core/src/main/java/com/sigmastream/pr/signalprocessing/FFTOperationP.java</file><parents></parents></changeset>
</changesets>