<?xml version="1.0" encoding="UTF-8"?>
<changesets>
<changeset node='e5f5e468b262279407f2e251ed5811b404bcee83' author='Namita' rev='1015' date='1609847407.0-19800'><msg>Implement to create DATAPUSH device as per well through centralised RC server.</msg><file>rc-agent-monitor-api/src/main/java/com/sigmastream/rc/agent/monitor/BaseMonitor.java</file><file>rc-agent/src/main/java/com/sigmastream/rc/agent/MonitorMessageListener.java</file><file>rc-server/src/main/java/com/sigmastream/rc/json/data/DataPushListener.java</file><file>rc-server/src/main/java/com/sigmastream/rc/json/data/MonitorData.java</file><file>rc-server/src/main/java/com/sigmastream/rc/operator/manager/IOTOperatorManager.java</file><file>rc-yellowhammer-monitor/src/main/java/com/sigmastream/rc/yellowhammer/event/utils/EventUtils.java</file><file>rc-yellowhammer-monitor/src/main/java/com/sigmastream/rc/yellowhammer/monitor/YellowHammerMonitor.java</file><parents></parents></changeset>
<changeset node='b72aa88ec0742d8556afeb53d25b83a468912a0b' author='Namita' rev='1016' date='1610023024.0-19800'><msg>Modified implementation to detect well change and keep inventory for it.</msg><file>rc-server/src/main/java/com/sigmastream/rc/json/data/MonitorData.java</file><file>rc-server/src/main/java/com/sigmastream/rc/operator/manager/IOTOperatorManager.java</file><file>rc-server/src/main/java/com/sigmastream/rc/operator/manager/YhRestClient.java</file><file>rc-yellowhammer-monitor/src/main/java/com/sigmastream/rc/yellowhammer/monitor/YellowHammerMonitor.java</file><parents></parents></changeset>
<changeset node='ac69cf6fe5ecbcba01cca5eb798edef9230dc57a' author='Namita' rev='1017' date='1610083676.0-19800'><msg>Modified implementation to create websocket connection for individual RC agent.</msg><file>rc-server/src/main/java/com/sigmastream/rc/json/data/MonitorData.java</file><file>rc-server/src/main/java/com/sigmastream/rc/operator/manager/IOTOperatorManager.java</file><file>rc-yellowhammer-monitor/src/main/java/com/sigmastream/rc/yellowhammer/monitor/validator/DeviceDataChecker.java</file><parents></parents></changeset>
<changeset node='457fb7f798b8298250fe6726b3a1ad96281aa00b' author='Namita' rev='1018' date='1610361457.0-19800'><msg>Modified implementation to generate Rig hierarchy replica in corporate YH server
Add support to filter devices by device name</msg><file>rc-agent/src/main/java/com/sigmastream/rc/agent/AgentManager.java</file><file>rc-agent/src/main/java/com/sigmastream/rc/agent/MonitorMessageListener.java</file><file>rc-agent/src/main/java/com/sigmastream/rc/agent/wsocket/server/RCWSocketServer.java</file><file>rc-server/src/main/java/com/sigmastream/rc/json/data/MonitorData.java</file><file>rc-server/src/main/java/com/sigmastream/rc/operator/manager/IOTOperatorManager.java</file><file>rc-server/src/main/resources/webapp/js/section/yhmonitor.js</file><file>rc-yellowhammer-monitor/src/main/java/com/sigmastream/rc/yellowhammer/connection/YhCache.java</file><file>rc-yellowhammer-monitor/src/main/java/com/sigmastream/rc/yellowhammer/connection/YhConnection.java</file><file>rc-yellowhammer-monitor/src/main/java/com/sigmastream/rc/yellowhammer/event/handler/DeviceEventHandler.java</file><file>rc-yellowhammer-monitor/src/main/java/com/sigmastream/rc/yellowhammer/monitor/YellowHammerMonitor.java</file><file>rc-yellowhammer-monitor/src/main/java/com/sigmastream/rc/yellowhammer/monitor/beans/DeviceParams.java</file><file>rc-yellowhammer-monitor/src/main/java/com/sigmastream/rc/yellowhammer/rest/YhRestClient.java</file><parents></parents></changeset>
<changeset node='4bfbdf71c74ef8ba9728dc617a56e9c0221235a1' author='Namita' rev='1019' date='1610372420.0-19800'><msg>Modified DeviceName to Logname as input
Fixed issue of not creating specific well after server restart.</msg><file>rc-agent/src/main/java/com/sigmastream/rc/agent/wsocket/server/RCWSocketServer.java</file><file>rc-server/src/main/java/com/sigmastream/rc/json/data/MonitorData.java</file><file>rc-server/src/main/resources/webapp/js/dashboard/content.js</file><file>rc-server/src/main/resources/webapp/js/section/yhmonitor.js</file><file>rc-yellowhammer-monitor/src/main/java/com/sigmastream/rc/yellowhammer/event/handler/DeviceEventHandler.java</file><file>rc-yellowhammer-monitor/src/main/java/com/sigmastream/rc/yellowhammer/monitor/YellowHammerMonitor.java</file><file>rc-yellowhammer-monitor/src/main/java/com/sigmastream/rc/yellowhammer/monitor/beans/DeviceParams.java</file><parents></parents></changeset>
<changeset node='150b6abb7fc70d0d1ce498c1d3aea3a0b0c5bce0' author='Namita' rev='1020' date='1610555228.0-19800'><msg>Modified implementation to not sending 0 on device stop event
Fixed issue of opening multiple connection
Modified implementation to use class from cache instead of reflection</msg><file>rc-common/src/main/java/com/sigmastream/rc/cache/AppProperties.java</file><file>rc-common/src/main/java/com/sigmastream/rc/json/protocol/RCMessage.java</file><file>rc-server/src/main/java/com/sigmastream/rc/operator/manager/IOTOperatorManager.java</file><file>rc-server/src/main/java/com/sigmastream/rc/web/wsocket/client/RCWSocketClient.java</file><file>rc-yellowhammer-monitor/src/main/java/com/sigmastream/rc/yellowhammer/monitor/validator/DeviceDataChecker.java</file><parents></parents></changeset>
<changeset node='5356369f991efc412aea350a706e765de9715719' author='Namita' rev='1021' date='1611051430.0-19800'><msg>Fixed thread count issue in reconnect case.Fixed issue with channel monitor at server statrtup.
Fixed issue of configuring DATA-PUSH device in active well.
Configure ReconnectInterval and device max configure count parameters.</msg><file>rc-server/src/main/java/com/sigmastream/rc/operator/manager/IOTOperatorManager.java</file><file>rc-server/src/main/java/com/sigmastream/rc/operator/manager/YhRestClient.java</file><file>rc-server/src/main/java/com/sigmastream/rc/operator/wsocket/client/PayloadManager.java</file><file>rc-server/src/main/java/com/sigmastream/rc/operator/wsocket/client/WSocketClientSink.java</file><file>rc-yellowhammer-monitor/src/main/java/com/sigmastream/rc/yellowhammer/connection/YhConnection.java</file><file>rc-yellowhammer-monitor/src/main/java/com/sigmastream/rc/yellowhammer/monitor/YellowHammerMonitor.java</file><parents></parents></changeset>
<changeset node='80e7e4587e28cd38a31918dc59784174c81c3b2f' author='Namita' rev='1022' date='1611152371.0-19800'><msg>#Fixed issue of configuring DATA-PUSH device in active well of YellowHammer server
#Paired with Komal for unable to start RC agent of 107 and concluded ShellScript issue by permission access
#Fixed issue of not subscribing channels at time of agent and YH startup.Need to restart channel monitor.
#Modified implementation to respect YH server and device stop event and accordingly stream DATAPUSH channel values.</msg><file>rc-agent-monitor-api/src/main/java/com/sigmastream/rc/agent/monitor/api/JobExecutionResult.java</file><file>rc-agent/src/main/java/com/sigmastream/rc/agent/MonitorMessageListener.java</file><file>rc-server/src/main/java/com/sigmastream/rc/json/data/DataPushListener.java</file><file>rc-server/src/main/java/com/sigmastream/rc/json/data/MonitorData.java</file><file>rc-server/src/main/java/com/sigmastream/rc/web/wsocket/GenericReconnectHandler.java</file><file>rc-yellowhammer-monitor/src/main/java/com/sigmastream/rc/yellowhammer/connection/YhCache.java</file><file>rc-yellowhammer-monitor/src/main/java/com/sigmastream/rc/yellowhammer/connection/YhConnection.java</file><file>rc-yellowhammer-monitor/src/main/java/com/sigmastream/rc/yellowhammer/event/handler/DeviceEventHandler.java</file><file>rc-yellowhammer-monitor/src/main/java/com/sigmastream/rc/yellowhammer/event/utils/EventUtils.java</file><file>rc-yellowhammer-monitor/src/main/java/com/sigmastream/rc/yellowhammer/monitor/YellowHammerMonitor.java</file><file>rc-yellowhammer-monitor/src/main/java/com/sigmastream/rc/yellowhammer/monitor/validator/ChannelDataChecker.java</file><file>rc-yellowhammer-monitor/src/main/java/com/sigmastream/rc/yellowhammer/monitor/validator/DeviceDataChecker.java</file><file>rc-yellowhammer-monitor/src/main/java/com/sigmastream/rc/yellowhammer/wsocket/MessageHandler.java</file><file>rc-yellowhammer-monitor/src/main/java/com/sigmastream/rc/yellowhammer/wsocket/WSocketClient.java</file><parents></parents></changeset>
<changeset node='ceecc4cd17394010874f6c5b8e3683bc6ef3a4bd' author='Namita' rev='1023' date='1611153071.0-19800'><msg>Merge with DATAPUSH-T9356-MultiWellMonitoring</msg><parents>1014:8941bfe44b80 1022:80e7e4587e28 </parents></changeset>
<changeset node='1f991c18b8194febed54fd9ea5c2eb14ee55c868' author='Namita' rev='1024' date='1611311025.0-19800'><msg>Added implementation to write data in local repo at RC server when YH server is down.</msg><addedFile>rc-server/src/main/java/com/sigmastream/rc/operator/manager/LossDataStorage.java</addedFile><file>rc-server/src/main/java/com/sigmastream/rc/json/data/MonitorData.java</file><file>rc-server/src/main/java/com/sigmastream/rc/operator/manager/IOTOperatorManager.java</file><file>rc-server/src/main/java/com/sigmastream/rc/operator/manager/LossDataStorage.java</file><file>rc-server/src/main/java/com/sigmastream/rc/operator/wsocket/client/PayloadManager.java</file><file>rc-server/src/main/java/com/sigmastream/rc/operator/wsocket/client/WSocketClientSink.java</file><file>rc-yellowhammer-monitor/src/main/java/com/sigmastream/rc/yellowhammer/monitor/validator/DeviceDataChecker.java</file><parents></parents></changeset>
<changeset node='c27281d5abb807135879c716d14a930cbde3fa8a' author='Namita' rev='1025' date='1612355287.0-19800'><msg>Modified implementation to consider configurable Rig for Agent to monitor.
Fixed issue of creating hierarchy with old well from cache if server is not restarted</msg><file>rc-server/src/main/java/com/sigmastream/rc/operator/manager/IOTOperatorManager.java</file><file>rc-server/src/main/java/com/sigmastream/rc/web/wsocket/client/RCWSocketClient.java</file><file>rc-yellowhammer-monitor/src/main/java/com/sigmastream/rc/yellowhammer/connection/YhCache.java</file><file>rc-yellowhammer-monitor/src/main/java/com/sigmastream/rc/yellowhammer/connection/YhConnection.java</file><file>rc-yellowhammer-monitor/src/main/java/com/sigmastream/rc/yellowhammer/connection/YhMessageHandler.java</file><file>rc-yellowhammer-monitor/src/main/java/com/sigmastream/rc/yellowhammer/rest/YhRestClient.java</file><parents></parents></changeset>
</changesets>