<?xml version="1.0" encoding="UTF-8"?>
<changesets>
<changeset node='5ff954dc91bf3e0c07e4d2b94effa40e70069d98' author='Parth' rev='1077' date='1603112990.0-19800'><msg>Fix the issue of move the non-config files from config directory which cause the hazelcast stops in build environment.</msg><file>bluecardinal-core/src/main/java/com/sigmastream/main/Main.java</file><parents>1075:301e33581c02 </parents></changeset>
<changeset node='fbf01175076aedde9788551e394b39eb15cce59a' author='Parth' rev='1078' date='1603120189.0-19800'><msg>Revert the validation of same dataquality operator run multiple time.</msg><file>bluecardinal-core/src/main/java/com/sigmastream/pr/operator/DataQualityOperator.java</file><parents></parents></changeset>
<changeset node='80641ac633b5ca02f1643ada97d016844883dca0' author='Milan' rev='1079' date='1603122605.0-19800'><msg>- Added deviceName component in Jet jobName.</msg><file>bluecardinal-core/src/main/java/com/sigmastream/pr/operator/DataQualityOperator.java</file><parents></parents></changeset>
<changeset node='c553523a99de92e25ee7ed78aef5f6ff247b39c2' author='Milan' rev='1080' date='1603258542.0-19800'><msg>- Fixed well wrong magnitude error.</msg><file>bluecardinal-core/src/main/java/com/sigmastream/bc/dataquality/WellStatistics.java</file><parents></parents></changeset>
<changeset node='cbdeb3118d79894580ed53e04bd24488c27e4f82' author='Milan' rev='1081' date='1603258579.0-19800'><msg>Merge with DataQuality-B9024-WellAswiWrong</msg><parents>1079:80641ac633b5 1080:c553523a99de </parents></changeset>
<changeset node='2f97327a34696aec6e69817f7bcb9c58f9c102cc' author='Milan' rev='1082' date='1603273134.0-19800'><msg>- Fixed DataCount overwirte issue.</msg><file>bluecardinal-core/src/main/java/com/sigmastream/bc/dataquality/ChannelQualityMonitor.java</file><parents></parents></changeset>
<changeset node='2c6c43e8a2e1a20ce697fbd1f8a06276457aea7e' author='Milan' rev='1083' date='1603273163.0-19800'><msg>Merge with DataQuality-B9024-WellAswiWrong</msg><parents>1081:cbdeb3118d79 1082:2f97327a3469 </parents></changeset>
<changeset node='97c8ffb8c3baef93c03ee7e98c9a2162edfaa75a' author='Milan' rev='1084' date='1603285374.0-19800'><msg>- removed DataRestore in DQ.</msg><file>bluecardinal-core/src/main/java/com/sigmastream/pr/processor/ChannelQualityP.java</file><parents></parents></changeset>
<changeset node='a2a402b270aec54860661fa7c071221f03ce9aaa' author='Parth' rev='1085' date='1603301124.0-19800'><msg>Fix the issue of data is not streaming after tripdetector.</msg><file>bluecardinal-core/src/main/java/com/sigmastream/pr/processor/oes/TripDetectorP.java</file><parents></parents></changeset>
<changeset node='571b00d3f649fd637f1d67591b9ba82cd104db02' author='Milan' rev='1086' date='1603302851.0-19800'><msg>- revert changes of rev 1097</msg><file>bluecardinal-core/src/main/java/com/sigmastream/pr/processor/ChannelQualityP.java</file><parents></parents></changeset>
<changeset node='c32c8abe85c9a0c9cb0bfa38ac60d289e67343b6' author='Milan' rev='1087' date='1603364152.0-19800'><msg>- Fixed previous state restore issue.
- Refactore DataQuality code.
- Improve readablity.
- Remove unwanted code.</msg><file>bluecardinal-core/src/main/java/com/sigmastream/bc/dataquality/ChannelQualityMonitor.java</file><file>bluecardinal-core/src/main/java/com/sigmastream/bc/dataquality/ChannelStatastics.java</file><file>bluecardinal-core/src/main/java/com/sigmastream/bc/dataquality/DeviceQualityMonitor.java</file><file>bluecardinal-core/src/main/java/com/sigmastream/bc/dataquality/DeviceStatistics.java</file><file>bluecardinal-core/src/main/java/com/sigmastream/bc/dataquality/WellQualityMonitor.java</file><file>bluecardinal-core/src/main/java/com/sigmastream/bc/dataquality/WellStatistics.java</file><file>bluecardinal-core/src/main/java/com/sigmastream/pr/processor/ChannelQualityP.java</file><file>bluecardinal-core/src/main/java/com/sigmastream/pr/processor/DeviceQualityP.java</file><file>bluecardinal-core/src/main/java/com/sigmastream/pr/processor/WellQualityP.java</file><parents></parents></changeset>
<changeset node='934368e5317eaa70b65a9b50a6801bf336b40ffb' author='Milan' rev='1088' date='1603364272.0-19800'><msg>- Import optimization on whole project.</msg><file>bluecardinal-core/src/main/java/com/sigmastream/bc/_3ps/NettyServer.java</file><file>bluecardinal-core/src/main/java/com/sigmastream/bc/backprocess/BackProcessingJob.java</file><file>bluecardinal-core/src/main/java/com/sigmastream/bc/dataquality/beans/Rules.java</file><file>bluecardinal-core/src/main/java/com/sigmastream/bc/jobs/JobInformation.java</file><file>bluecardinal-core/src/main/java/com/sigmastream/bc/jobs/ProcessorState.java</file><file>bluecardinal-core/src/main/java/com/sigmastream/bc/operator/AggregatedSSChannel.java</file><file>bluecardinal-core/src/main/java/com/sigmastream/bc/operator/BatchSimulation.java</file><file>bluecardinal-core/src/main/java/com/sigmastream/bc/operator/Payload.java</file><file>bluecardinal-core/src/main/java/com/sigmastream/pr/common/BCFrictionTestCommonMappingVariables.java</file><file>bluecardinal-core/src/main/java/com/sigmastream/pr/common/BCSmallOECorrectionNew.java</file><file>bluecardinal-core/src/main/java/com/sigmastream/pr/common/BCWellOECorrection.java</file><file>bluecardinal-core/src/main/java/com/sigmastream/pr/operator/DataAnalyserOperator.java</file><file>bluecardinal-core/src/main/java/com/sigmastream/pr/operator/MainOperator.java</file><file>bluecardinal-core/src/main/java/com/sigmastream/pr/operator/TimeAccumulateOperator.java</file><file>bluecardinal-core/src/main/java/com/sigmastream/pr/processor/StatisticsDataQualityP.java</file><file>bluecardinal-core/src/main/java/com/sigmastream/pr/processor/YhWSocketSourceExtP.java</file><file>bluecardinal-core/src/main/java/com/sigmastream/pr/processor/YhWSocketSourceP.java</file><file>bluecardinal-core/src/main/java/com/sigmastream/pr/processor/oes/BasicEventP.java</file><file>bluecardinal-core/src/main/java/com/sigmastream/pr/processor/oes/ComplexEventP.java</file><file>bluecardinal-core/src/main/java/com/sigmastream/pr/processor/oes/ConnectionDetectorP.java</file><file>bluecardinal-core/src/main/java/com/sigmastream/pr/processor/oes/MOEDebugOperator.java</file><file>bluecardinal-core/src/main/java/com/sigmastream/pr/processor/oes/StandCalculationP.java</file><file>bluecardinal-core/src/main/java/com/sigmastream/pr/processor/oes/YhWSocketStreamSourceDQP.java</file><file>bluecardinal-core/src/main/java/com/sigmastream/pr/processor/oes/YhWSocketStreamSourceExP.java</file><file>bluecardinal-core/src/main/java/com/sigmastream/pr/processor/oes/YhWSocketStreamSourceP.java</file><file>bluecardinal-core/src/main/java/com/sigmastream/pr/yh/source/EventWSocketClientSource.java</file><file>bluecardinal-core/src/main/java/com/sigmastream/pr/yh/source/WSocketClientSource.java</file><file>bluecardinal-core/src/main/java/com/simgmastream/bc/accumulator/FilterAccumulator.java</file><parents></parents></changeset>
<changeset node='92d779847d3f9bebb07efa5fc24a2c8815c21e9c' author='Milan' rev='1089' date='1603373665.0-19800'><msg>- Fixed NPE when directory not found on job restart(restore state).
- Added aswi aspect score validation 1 to 10.</msg><file>bluecardinal-core/src/main/java/com/sigmastream/bc/dataquality/ChannelQualityMonitor.java</file><file>bluecardinal-core/src/main/java/com/sigmastream/bc/dataquality/ChannelStatastics.java</file><file>bluecardinal-core/src/main/java/com/sigmastream/bc/dataquality/DeviceQualityMonitor.java</file><file>bluecardinal-core/src/main/java/com/sigmastream/bc/dataquality/DeviceStatistics.java</file><file>bluecardinal-core/src/main/java/com/sigmastream/bc/dataquality/WellQualityMonitor.java</file><file>bluecardinal-core/src/main/java/com/sigmastream/bc/dataquality/WellStatistics.java</file><parents></parents></changeset>
<changeset node='255d8cc94d65a13a7a35c1a150cfbc4f25682334' author='Milan' rev='1090' date='1603432466.0-19800'><msg>- Fixed 7 aspects channel not streaming after job restore.
- Fixed accumulated time related channel issue (dead , stream) ts for Device, Channel and well.</msg><file>bluecardinal-core/src/main/java/com/sigmastream/bc/dataquality/ChannelQualityMonitor.java</file><file>bluecardinal-core/src/main/java/com/sigmastream/bc/dataquality/ChannelStatastics.java</file><file>bluecardinal-core/src/main/java/com/sigmastream/bc/dataquality/DeviceQualityMonitor.java</file><file>bluecardinal-core/src/main/java/com/sigmastream/bc/dataquality/WellQualityMonitor.java</file><file>bluecardinal-core/src/main/java/com/sigmastream/pr/processor/ChannelQualityP.java</file><parents></parents></changeset>
<changeset node='6032f1f63161061e3e7d26fa359f78fb24d80196' author='Milan' rev='1091' date='1603439861.0-19800'><msg>- Resolved Serialization issue when same bluecardinal have two DQ operator running.</msg><file>bluecardinal-core/src/main/java/com/sigmastream/pr/processor/ChannelQualityP.java</file><parents></parents></changeset>
<changeset node='9f8e434554526a2cdbb03ca61e25e8e7941d6b39' author='Milan' rev='1092' date='1603445246.0-19800'><msg>- Added Day support in duration.
- Added Null check to fixed NPE.</msg><file>bluecardinal-core/src/main/java/com/sigmastream/bc/dataquality/ChannelQualityMonitor.java</file><file>bluecardinal-core/src/main/java/com/sigmastream/bc/dataquality/DeviceQualityMonitor.java</file><file>bluecardinal-core/src/main/java/com/sigmastream/bc/dataquality/WellQualityMonitor.java</file><file>bluecardinal-core/src/main/java/com/sigmastream/pr/common/CommonUtils.java</file><file>bluecardinal-core/src/main/java/com/sigmastream/pr/processor/ChannelQualityP.java</file><file>bluecardinal-core/src/main/java/com/sigmastream/pr/processor/YhWSocketSinkP.java</file><parents></parents></changeset>
<changeset node='de27b793111bba76d292b9d9836fca20fa11943a' author='Milan' rev='1093' date='1603456861.0-19800'><msg>Merge with DataQuality-T9026-BackfillSupport</msg><parents>1086:571b00d3f649 1092:9f8e43455452 </parents></changeset>
<changeset node='b8a9ac153341a51bb09cbfb662177848d5bd4111' author='Milan' rev='1094' date='1603514459.0-19800'><msg>- Refactored isActiveDeviceAvailable.
- Added Method doesFeedExistInDiscovery.
- Added Mehhod doDiscovery.</msg><file>bluecardinal-core/src/main/java/com/sigmastream/bc/rest/RestClient.java</file><file>bluecardinal-core/src/main/java/com/sigmastream/pr/processor/oes/YhWSocketStreamSourceDQP.java</file><parents></parents></changeset>
<changeset node='f9846c40152e922e9fdc832e6555e648554a2ec0' author='Milan' rev='1095' date='1603514570.0-19800'><msg>- Added private constructor for Constant YhChannelConfig.
- code formated.</msg><file>bluecardinal-core/src/main/java/com/sigmastream/pr/common/YhChannelConfig.java</file><parents></parents></changeset>
<changeset node='6b87e0df56c26b227e1fca473d478d1c911d112c' author='Milan' rev='1096' date='1603514762.0-19800'><msg>- Implemented getMongoDBStats for Backfill state estimation.
- changed field to transient which did&#39;t need in Serialization.</msg><file>bluecardinal-core/src/main/java/com/sigmastream/pr/processor/ChannelQualityP.java</file><parents></parents></changeset>
<changeset node='41e80d466dbd8866e23a28640802a1b9702b5fb1' author='Milan' rev='1097' date='1603514856.0-19800'><msg>- Added ChannelQualityP reference to All Monitor Objects.
- Fixed Wrong Freq issue.</msg><file>bluecardinal-core/src/main/java/com/sigmastream/bc/dataquality/ChannelQualityMonitor.java</file><file>bluecardinal-core/src/main/java/com/sigmastream/bc/dataquality/DeviceQualityMonitor.java</file><file>bluecardinal-core/src/main/java/com/sigmastream/bc/dataquality/WellQualityMonitor.java</file><parents></parents></changeset>
<changeset node='a5e3a753702c850bfda0c2eb15353ce9f2cbb38a' author='Milan' rev='1098' date='1603514945.0-19800'><msg>- Implemented Pipiline without sliding window.</msg><file>bluecardinal-core/src/main/java/com/sigmastream/pr/operator/DataQualityOperator.java</file><parents></parents></changeset>
<changeset node='c5796c6cbd7ddc1f2be78d646731d987ddc8b4ea' author='Milan' rev='1099' date='1603515045.0-19800'><msg>- Added MongoDB support.</msg><addedFile>bluecardinal-core/src/main/java/com/sigmastream/main/MongoDBManager.java</addedFile><file>bluecardinal-core/src/main/java/com/sigmastream/main/MongoDBManager.java</file><parents></parents></changeset>
<changeset node='0f643323f13c2cdb08399f74726db09857b486e4' author='Milan' rev='1100' date='1603515293.0-19800'><msg>Merge with DataQuality-T9026-BackfillSupport</msg><parents>1093:de27b793111b 1099:c5796c6cbd7d </parents></changeset>
<changeset node='be1bdcfa6cda1df3674aabed6aeb913d629e6ecf' author='Milan' rev='1101' date='1603515436.0-19800'><msg>- Added mongo-java-driver Dependency.</msg><file>bluecardinal-core/pom.xml</file><parents></parents></changeset>
<changeset node='5c9346f188ec46f48299120d8508dd6fed7c7fc2' author='Milan' rev='1102' date='1603556071.0-19800'><msg>- Fixed actualFreq precision in output.
- Fixed negative streaming duaration when AugmentedStream is producing data.</msg><file>bluecardinal-core/src/main/java/com/sigmastream/bc/dataquality/ChannelQualityMonitor.java</file><parents></parents></changeset>
<changeset node='6a32c3a37b010c5fa0b99ea57f324513742c77d4' author='Milan' rev='1103' date='1603556156.0-19800'><msg>- Fixed ASWI value 10 when Augmeneted stream is processing.</msg><file>bluecardinal-core/src/main/java/com/sigmastream/bc/dataquality/ChannelStatastics.java</file><file>bluecardinal-core/src/main/java/com/sigmastream/bc/dataquality/DeviceStatistics.java</file><parents></parents></changeset>
<changeset node='aff8b94f0a75fd86a53f9a872ca891887f3f97e1' author='Milan' rev='1104' date='1603556316.0-19800'><msg>- Implemented _StreamAugmentationP</msg><file>bluecardinal-core/src/main/java/com/sigmastream/pr/common/BCSources.java</file><file>bluecardinal-core/src/main/java/com/sigmastream/pr/operator/DataQualityOperator.java</file><file>bluecardinal-core/src/main/java/com/sigmastream/pr/processor/ChannelQualityP.java</file><parents></parents></changeset>
<changeset node='923300853b42ca64963c7aa9faae38645b049d30' author='Milan' rev='1105' date='1603556331.0-19800'><msg>- Added StreamAugmentationP</msg><addedFile>bluecardinal-core/src/main/java/com/sigmastream/pr/processor/StreamAugmentationP.java</addedFile><file>bluecardinal-core/src/main/java/com/sigmastream/pr/processor/StreamAugmentationP.java</file><parents></parents></changeset>
<changeset node='396c43d92eecd2dc99d12f8dfdb528f92854a698' author='Milan' rev='1106' date='1603556356.0-19800'><msg>Merge with DataQuality-T9026-BackfillSupport</msg><parents>1101:be1bdcfa6cda 1105:923300853b42 </parents></changeset>
<changeset node='5e6b97df9146d99908f3626a77836d791cd895a0' author='Milan' rev='1107' date='1603556495.0-19800'><msg>- Added StreamAugmentationP</msg><file>bluecardinal-core/pom.xml</file><parents></parents></changeset>
<changeset node='d64f83accb2adbbdad28748f321ed94d79580a6a' author='Milan' rev='1108' date='1603704776.0-19800'><msg>- Added support to restore count based on CHNL_STAT collection.</msg><file>bluecardinal-core/src/main/java/com/sigmastream/bc/dataquality/ChannelQualityMonitor.java</file><file>bluecardinal-core/src/main/java/com/sigmastream/bc/dataquality/ChannelStatastics.java</file><file>bluecardinal-core/src/main/java/com/sigmastream/bc/dataquality/DeviceQualityMonitor.java</file><file>bluecardinal-core/src/main/java/com/sigmastream/bc/dataquality/DeviceStatistics.java</file><file>bluecardinal-core/src/main/java/com/sigmastream/bc/dataquality/WellQualityMonitor.java</file><file>bluecardinal-core/src/main/java/com/sigmastream/bc/dataquality/WellStatistics.java</file><file>bluecardinal-core/src/main/java/com/sigmastream/pr/processor/ChannelQualityP.java</file><parents></parents></changeset>
<changeset node='c9361649e6a0e74573294d1b898da58d13ae5cc8' author='Milan' rev='1109' date='1603704805.0-19800'><msg>Merge with DataQuality-T9026-BackfillSupport</msg><parents>1107:5e6b97df9146 1108:d64f83accb2a </parents></changeset>
<changeset node='e5034916a2f2476ff49a009f8da3f8e08e90bf29' author='Milan' rev='1110' date='1603721624.0-19800'><msg>- Added Logs to verify backfill.</msg><file>bluecardinal-core/src/main/java/com/sigmastream/bc/dataquality/ChannelQualityMonitor.java</file><parents></parents></changeset>
<changeset node='148960641906290f0cd6d0539981bc877ef02397' author='Milan' rev='1111' date='1603721722.0-19800'><msg>- Fixed Expected channel streaming issue.
- Refactored DataQuality Pipeline.</msg><file>bluecardinal-core/src/main/java/com/sigmastream/pr/operator/DataQualityOperator.java</file><file>bluecardinal-core/src/main/java/com/sigmastream/pr/processor/ChannelQualityP.java</file><file>bluecardinal-core/src/main/java/com/sigmastream/pr/processor/StreamAugmentationP.java</file><parents></parents></changeset>
<changeset node='d63613ab5f7b852b8fe157ca6ea78d71d2a47452' author='Milan' rev='1112' date='1603721740.0-19800'><msg>Merge with DataQuality-T9026-BackfillSupport</msg><parents>1109:c9361649e6a0 1111:148960641906 </parents></changeset>
<changeset node='24b0a3bd9ab3c8cbbfab0dbccf00e4acd0b830c2' author='Milan' rev='1113' date='1603724343.0-19800'><msg>DataQuality setLocalParallelism to 1</msg><file>bluecardinal-core/src/main/java/com/sigmastream/pr/operator/DataQualityOperator.java</file><parents></parents></changeset>
<changeset node='c655d5546efef5cbe15268dc91f1c43344f096ad' author='Milan' rev='1114' date='1603724609.0-19800'><msg>- Fixed Hazelcast jet Managementcenter not strarting issue.</msg><file>bluecardinal-webclient/start-client.bat</file><parents></parents></changeset>
<changeset node='7ac67a455a3bf988d405c2b10e81056a2e4717e2' author='Milan' rev='1115' date='1603789218.0-19800'><msg>- Added Support for Range in DataQuality Freq aspect.</msg><file>bluecardinal-core/src/main/java/com/sigmastream/bc/dataquality/ChannelQualityMonitor.java</file><file>bluecardinal-core/src/main/java/com/sigmastream/bc/dataquality/ChannelStatastics.java</file><file>bluecardinal-core/src/main/java/com/sigmastream/pr/operator/DataQualityOperator.java</file><file>bluecardinal-core/src/main/java/com/sigmastream/pr/processor/ChannelQualityP.java</file><file>bluecardinal-core/src/main/java/com/sigmastream/pr/processor/StatisticsDataQualityP.java</file><parents></parents></changeset>
<changeset node='f1b698dc4afe9b0184f550e1137e50db9e9da118' author='Milan' rev='1116' date='1603789301.0-19800'><msg>- Fixed Formate issue in pricision when value is less than 1. (i.e. .5 in place of 0.5)
- Code Refactored.</msg><file>bluecardinal-core/src/main/java/com/sigmastream/bc/dataquality/DeviceQualityMonitor.java</file><file>bluecardinal-core/src/main/java/com/sigmastream/bc/dataquality/DeviceStatistics.java</file><file>bluecardinal-core/src/main/java/com/sigmastream/bc/dataquality/WellQualityMonitor.java</file><file>bluecardinal-core/src/main/java/com/sigmastream/bc/dataquality/WellStatistics.java</file><file>bluecardinal-core/src/main/java/com/sigmastream/bc/jobs/JobConfiguration.java</file><file>bluecardinal-core/src/main/java/com/sigmastream/pr/beans/DataPayload.java</file><file>bluecardinal-core/src/main/java/com/sigmastream/pr/common/CommonUtils.java</file><parents></parents></changeset>
<changeset node='92af76f13d62012061ac3afe3cf6db699bd54738' author='Milan' rev='1117' date='1603789318.0-19800'><msg>Merge with DataQuality-T9045-RangeBasedFreq</msg><parents>1114:c655d5546efe 1116:f1b698dc4afe </parents></changeset>
<changeset node='574e877926fe98b0661eb44b7213266ca41cba1f' author='Milan' rev='1118' date='1603805788.0-19800'><msg>- Added support for Device and well backfill.
- Added Range support in device freq.
- DeviceQualityP and WellQualityP refactored.</msg><file>bluecardinal-core/src/main/java/com/sigmastream/pr/processor/ChannelQualityP.java</file><file>bluecardinal-core/src/main/java/com/sigmastream/pr/processor/DeviceQualityP.java</file><file>bluecardinal-core/src/main/java/com/sigmastream/pr/processor/WellQualityP.java</file><parents></parents></changeset>
<changeset node='5bd81b7b5ab181b210bf30a1fbd47b9a597782c9' author='Milan' rev='1119' date='1603805969.0-19800'><msg>- Added Device and well backfill ( initial and inbetween gap)</msg><file>bluecardinal-core/src/main/java/com/sigmastream/bc/dataquality/DeviceQualityMonitor.java</file><file>bluecardinal-core/src/main/java/com/sigmastream/bc/dataquality/WellQualityMonitor.java</file><file>bluecardinal-core/src/main/java/com/sigmastream/bc/dataquality/WellStatistics.java</file><parents></parents></changeset>
<changeset node='cc15667fc4c7109d757f66a01a359a300b851650' author='Milan' rev='1120' date='1603806034.0-19800'><msg>- Added Refactored geometricMean.</msg><file>bluecardinal-core/src/main/java/com/sigmastream/bc/dataquality/DeviceStatistics.java</file><parents></parents></changeset>
<changeset node='c52c4eb6a79fb198b2da0a78548dac097b0f5f25' author='Milan' rev='1121' date='1603806088.0-19800'><msg>- Fixed Multiple device backfill issue.</msg><file>bluecardinal-core/src/main/java/com/sigmastream/bc/dataquality/ChannelQualityMonitor.java</file><file>bluecardinal-core/src/main/java/com/sigmastream/bc/dataquality/ChannelStatastics.java</file><parents></parents></changeset>
<changeset node='5cfa1cfdeb5920fe558f9520c6608019229f846d' author='Milan' rev='1122' date='1603806177.0-19800'><msg>Merge with DataQuality-T9045-RangeBasedFreq</msg><parents>1117:92af76f13d62 1121:c52c4eb6a79f </parents></changeset>
<changeset node='8e80b6c5c4097e8fd09c3e7ca10580826b5286bb' author='Milan' rev='1123' date='1603807439.0-19800'><msg>- Fixed isFrequencyGood wrong value.</msg><file>bluecardinal-core/src/main/java/com/sigmastream/bc/dataquality/ChannelStatastics.java</file><parents></parents></changeset>
<changeset node='00ff5878388899e25e1daec9ba590fa5a46212b2' author='Milan' rev='1124' date='1603807475.0-19800'><msg>Merge with DataQuality-T9045-RangeBasedFreq</msg><parents>1122:5cfa1cfdeb59 1123:8e80b6c5c409 </parents></changeset>
<changeset node='ba5626d965743d2af91fa0fe7dee8954a1460554' author='Milan' rev='1125' date='1603810307.0-19800'><msg>- Implemented Merge in DQ and Expected stream pipeline.
- Fixed Multiple network monitor sink.</msg><file>bluecardinal-core/src/main/java/com/sigmastream/bc/dataquality/ChannelStatastics.java</file><file>bluecardinal-core/src/main/java/com/sigmastream/pr/operator/DataQualityOperator.java</file><parents></parents></changeset>
<changeset node='b87a2e713714f4970e2bb1a52204eb927c2dc635' author='Milan' rev='1126' date='1603811538.0-19800'><msg>Merge with DataQuality-T9045-RangeBasedFreq</msg><parents>1124:00ff58783888 1125:ba5626d96574 </parents></changeset>
<changeset node='b3b5fa020b47ca635a42144c2ee6b23af18f4843' author='Milan' rev='1127' date='1603872294.0-19800'><msg>- Refactored MongoDBManager.</msg><file>bluecardinal-core/src/main/java/com/sigmastream/main/MongoDBManager.java</file><file>bluecardinal-core/src/main/java/com/sigmastream/pr/processor/ChannelQualityP.java</file><parents></parents></changeset>
<changeset node='20f01cfe2580926e67d40c287d7b6be904e18a72' author='Parth' rev='1128' date='1603900275.0-19800'><msg>Fix the issue of well id is replaced while multiple rig using for bluecardinal process in datapush config request to YH.</msg><file>bluecardinal-core/src/main/java/com/sigmastream/bc/backprocess/BackProcessingJob.java</file><file>bluecardinal-core/src/main/java/com/sigmastream/bc/dataquality/ChannelQualityMonitor.java</file><file>bluecardinal-core/src/main/java/com/sigmastream/bc/dataquality/DeviceQualityMonitor.java</file><file>bluecardinal-core/src/main/java/com/sigmastream/bc/dysfunction/DysFunctionP.java</file><file>bluecardinal-core/src/main/java/com/sigmastream/bc/mse/MSEProc.java</file><file>bluecardinal-core/src/main/java/com/sigmastream/pr/common/YhChannelConfig.java</file><file>bluecardinal-core/src/main/java/com/sigmastream/pr/operator/MainOperator.java</file><file>bluecardinal-core/src/main/java/com/sigmastream/pr/processor/oes/BasicEventP.java</file><file>bluecardinal-core/src/main/java/com/sigmastream/pr/processor/oes/ComplexEventP.java</file><file>bluecardinal-core/src/main/java/com/sigmastream/pr/processor/oes/DelayedDecisionP.java</file><file>bluecardinal-core/src/main/java/com/sigmastream/pr/processor/oes/StandCalculationP.java</file><file>bluecardinal-core/src/main/java/com/sigmastream/pr/processor/oes/TripDetectorP.java</file><file>bluecardinal-core/src/main/java/com/sigmastream/pr/processor/oes/WellEventAggregationP.java</file><file>bluecardinal-core/src/main/java/com/sigmastream/pr/processor/oes/YhWSocketStreamSourceDQP.java</file><file>bluecardinal-core/src/main/java/com/sigmastream/pr/processor/oes/YhWSocketStreamSourceP.java</file><file>bluecardinal-core/src/main/java/com/sigmastream/pr/yh/sink/DeviceWebSocketSink.java</file><file>bluecardinal-core/src/main/java/com/sigmastream/pr/yh/sink/PayloadManager.java</file><file>bluecardinal-core/src/main/java/com/sigmastream/pr/yh/sink/YhWSocketPublisher.java</file><file>bluecardinal-core/src/main/java/com/sigmastream/pr/yh/source/DiscoveryMessageHandlar.java</file><file>bluecardinal-core/src/main/java/com/sigmastream/pr/yh/source/EventWSocketClientSource.java</file><file>bluecardinal-core/src/main/java/com/sigmastream/pr/yh/source/WSocketClientSource.java</file><parents></parents></changeset>
<changeset node='46f235eaa933ef4e025f34dd5c22c39acaa512cb' author='Parth' rev='1129' date='1603900371.0-19800'><msg>Files remaining in comitte.</msg><file>bluecardinal-core/src/main/java/com/sigmastream/bc/dataquality/WellQualityMonitor.java</file><file>bluecardinal-core/src/main/java/com/sigmastream/pr/processor/ChannelQualityP.java</file><file>bluecardinal-core/src/main/java/com/sigmastream/pr/processor/oes/ConnectionDetectorP.java</file><parents></parents></changeset>
<changeset node='a1e5db624faf27c2ab5b5387d34fd015d3db857d' author='Parth' rev='1130' date='1603947037.0-19800'><msg>Merge with DATAPUSH-B9051-DataPushDeviceIssue</msg><parents>1127:b3b5fa020b47 1129:46f235eaa933 </parents></changeset>
<changeset node='25cca350ee9d140994589d824d05820de238991a' author='Milan' rev='1131' date='1603958054.0-19800'><msg>- Refactored RuleEngine.</msg><file>bluecardinal-core/src/main/java/com/sigmastream/bc/dataquality/RuleEngine.java</file><parents></parents></changeset>
<changeset node='411d0bf49d0241cffc9a7c2a7911d4528f04601e' author='Milan' rev='1132' date='1603958126.0-19800'><msg>- Removed unwanted config params.</msg><file>bluecardinal-core/src/main/java/com/sigmastream/pr/operator/DataQualityOperator.java</file><parents></parents></changeset>
<changeset node='75528dc1a0520e8c7ff4c174c55f4ff994a4568c' author='Milan' rev='1133' date='1603958259.0-19800'><msg>- Refactored MainOperator.
- Added Support For permissibleGapPercent.</msg><file>bluecardinal-core/src/main/java/com/sigmastream/pr/common/BCSources.java</file><file>bluecardinal-core/src/main/java/com/sigmastream/pr/operator/MainOperator.java</file><file>bluecardinal-core/src/main/java/com/sigmastream/pr/processor/ChannelQualityP.java</file><file>bluecardinal-core/src/main/java/com/sigmastream/pr/processor/DeviceQualityP.java</file><file>bluecardinal-core/src/main/java/com/sigmastream/pr/processor/StatisticsDataQualityP.java</file><file>bluecardinal-core/src/main/java/com/sigmastream/pr/processor/StreamAugmentationP.java</file><file>bluecardinal-core/src/main/java/com/sigmastream/pr/processor/WellQualityP.java</file><parents></parents></changeset>
<changeset node='d9b1e32cd72d8dae81d6161d5737d345b61f3977' author='Milan' rev='1134' date='1603958343.0-19800'><msg>- Fixed Device and Well streaming issue when augmented stream is used.
- Refactored GapScore calculation.</msg><file>bluecardinal-core/src/main/java/com/sigmastream/bc/dataquality/ChannelQualityMonitor.java</file><file>bluecardinal-core/src/main/java/com/sigmastream/bc/dataquality/ChannelStatastics.java</file><file>bluecardinal-core/src/main/java/com/sigmastream/bc/dataquality/DeviceQualityMonitor.java</file><file>bluecardinal-core/src/main/java/com/sigmastream/bc/dataquality/DeviceStatistics.java</file><file>bluecardinal-core/src/main/java/com/sigmastream/bc/dataquality/WellQualityMonitor.java</file><parents></parents></changeset>
<changeset node='aaab41131389a2333ec55e1842d82643bcf4c0bf' author='Milan' rev='1135' date='1603958362.0-19800'><msg>Merge with T8126-DataQualityRefactor</msg><parents>1130:a1e5db624faf 1134:d9b1e32cd72d </parents></changeset>
<changeset node='3ce8ee02d0cc2b88050e1241ab4197708d8cf09c' author='Milan' rev='1136' date='1603973726.0-19800'><msg>- implement dynamic min and max bound based on the context value.</msg><file>bluecardinal-core/src/main/java/com/sigmastream/bc/dataquality/ChannelQualityMonitor.java</file><file>bluecardinal-core/src/main/java/com/sigmastream/bc/dataquality/ChannelStatastics.java</file><file>bluecardinal-core/src/main/java/com/sigmastream/bc/dataquality/DeviceQualityMonitor.java</file><file>bluecardinal-core/src/main/java/com/sigmastream/bc/dataquality/DeviceStatistics.java</file><file>bluecardinal-core/src/main/java/com/sigmastream/pr/common/BCSources.java</file><file>bluecardinal-core/src/main/java/com/sigmastream/pr/operator/DataQualityOperator.java</file><file>bluecardinal-core/src/main/java/com/sigmastream/pr/processor/ChannelQualityP.java</file><parents></parents></changeset>
<changeset node='2da3f09aacd61b441b9cf76d02e470b5b96eba2d' author='Milan' rev='1137' date='1603973790.0-19800'><msg>- removed StatisticsDataQualityP</msg><deletedFile>bluecardinal-core/src/main/java/com/sigmastream/pr/processor/StatisticsDataQualityP.java</deletedFile><file>bluecardinal-core/src/main/java/com/sigmastream/pr/processor/StatisticsDataQualityP.java</file><parents></parents></changeset>
<changeset node='82dfa290f154b383f8cf746c28e940ea91d43cae' author='Milan' rev='1138' date='1603973816.0-19800'><msg>Implemented ExpectedDataQualityP</msg><addedFile>bluecardinal-core/src/main/java/com/sigmastream/pr/processor/ExpectedDataQualityP.java</addedFile><file>bluecardinal-core/src/main/java/com/sigmastream/pr/processor/ExpectedDataQualityP.java</file><parents></parents></changeset>
<changeset node='111311c823c9bb603b2b348e1d5c55a7037188a9' author='Milan' rev='1139' date='1603973841.0-19800'><msg>Merge with DataQuality-T9054-ContextBasedMinMax</msg><deletedFile>bluecardinal-core/src/main/java/com/sigmastream/pr/processor/StatisticsDataQualityP.java</deletedFile><file>bluecardinal-core/src/main/java/com/sigmastream/pr/processor/StatisticsDataQualityP.java</file><parents>1135:aaab41131389 1138:82dfa290f154 </parents></changeset>
<changeset node='f3283bd39cc8f7da5d4d7a24601e88867dcafc95' author='Milan' rev='1140' date='1603975953.0-19800'><msg>- Fixed Device deadDeviceDetected issue.</msg><file>bluecardinal-core/src/main/java/com/sigmastream/bc/dataquality/DeviceQualityMonitor.java</file><parents></parents></changeset>
<changeset node='10975765cfd8908b81c9c072ecd3cba43fd5d6cb' author='Milan' rev='1141' date='1603975971.0-19800'><msg>Merge with DataQuality-T9026-BackfillSupport</msg><parents>1139:111311c823c9 1140:f3283bd39cc8 </parents></changeset>
<changeset node='06d377fd490a7ae72fb889946682e23068361367' author='Milan' rev='1142' date='1603985435.0-19800'><msg>- Fixed dataGapScore on device stop.</msg><file>bluecardinal-core/src/main/java/com/sigmastream/bc/dataquality/ChannelStatastics.java</file><parents></parents></changeset>
<changeset node='6a8cba782bdf1889ee1c62a8149e3e309203cec2' author='Milan' rev='1143' date='1604049442.0-19800'><msg>- Fixed Expected min value not updating on context based dataQuality.</msg><file>bluecardinal-core/src/main/java/com/sigmastream/pr/processor/ExpectedDataQualityP.java</file><parents></parents></changeset>
<changeset node='0fadbe7e16cacce47d8d0037209259b19725494a' author='Milan' rev='1144' date='1604049559.0-19800'><msg>- Device dead calculation refactored.</msg><file>bluecardinal-core/src/main/java/com/sigmastream/bc/dataquality/DeviceStatistics.java</file><file>bluecardinal-core/src/main/java/com/sigmastream/pr/operator/DataQualityOperator.java</file><parents></parents></changeset>
<changeset node='10bb2d893e81c8e76a51fcf36f8c87035b4d715d' author='Milan' rev='1145' date='1604049673.0-19800'><msg>- Commit missing - Device dead calculation refactored.</msg><file>bluecardinal-core/src/main/java/com/sigmastream/bc/dataquality/ChannelQualityMonitor.java</file><file>bluecardinal-core/src/main/java/com/sigmastream/bc/dataquality/DeviceQualityMonitor.java</file><parents></parents></changeset>
<changeset node='c35898c45ded47c7f49469d9e5efe688339e9346' author='Milan' rev='1146' date='1604049714.0-19800'><msg>- Refactored StreamAugmentationP</msg><file>bluecardinal-core/src/main/java/com/sigmastream/pr/processor/StreamAugmentationP.java</file><parents></parents></changeset>
<changeset node='5508f6faf956812b8ba1b3c192bf5e72d8eac8dd' author='Milan' rev='1147' date='1604049732.0-19800'><msg>Merge with DataQuality-T9054-ContextBasedMinMax</msg><parents>1142:06d377fd490a 1146:c35898c45ded </parents></changeset>
<changeset node='ae9749e8dcc3ed3cb3d6bc408693b1ee9867f565' author='Parth' rev='1148' date='1604070862.0-19800'><msg>Fix the issue of logs are not properly updated in log file while clientId and apikey is wrong for yellowhammere communication.
Fix the issue of all Blucardianl process stop while DQ configuration has issue with duration config param.</msg><file>bluecardinal-core/src/main/java/com/sigmastream/bc/rest/RestClient.java</file><file>bluecardinal-core/src/main/java/com/sigmastream/pr/operator/DataQualityOperator.java</file><parents></parents></changeset>
<changeset node='c2f0fdc3c9b356f91ee509f08cac615df81d9221' author='Parth' rev='1149' date='1604070907.0-19800'><msg>Merge with Logger-B905-NoLoggerUpdated</msg><parents>1147:5508f6faf956 1148:ae9749e8dcc3 </parents></changeset>
<changeset node='89c0a184f865645be818f240efa31386f733517f' author='Milan' rev='1150' date='1604132692.0-19800'><msg>Implemented MonitorCreators
- createWellMonitor
- createDeviceMonitor
- createChannelMonitor</msg><file>bluecardinal-core/src/main/java/com/sigmastream/pr/processor/ChannelQualityP.java</file><parents></parents></changeset>
<changeset node='301fc3bdbce306ee0d8a0133659fc5a51094a76c' author='Milan' rev='1151' date='1604132820.0-19800'><msg>- Refactored constructor and added init method for Channel, Device and well.</msg><file>bluecardinal-core/src/main/java/com/sigmastream/bc/dataquality/ChannelQualityMonitor.java</file><file>bluecardinal-core/src/main/java/com/sigmastream/bc/dataquality/DeviceQualityMonitor.java</file><file>bluecardinal-core/src/main/java/com/sigmastream/bc/dataquality/WellQualityMonitor.java</file><parents></parents></changeset>
<changeset node='12d769fb7df6a6afe10a6d455e3aa2a19c40b98c' author='Milan' rev='1152' date='1604133128.0-19800'><msg>- field changed to transient.</msg><file>bluecardinal-core/src/main/java/com/sigmastream/bc/dataquality/ChannelStatastics.java</file><parents></parents></changeset>
<changeset node='70af956b1b0562155cead0fd68c41d85436a0fbe' author='Milan' rev='1153' date='1604133155.0-19800'><msg>Merge with DataQuality-B9028-ConfigurationIssueOnRestart</msg><parents>1149:c2f0fdc3c9b3 1152:12d769fb7df6 </parents></changeset>
<changeset node='6d829331e66ea037e206fe110fc73fd905607c5a' author='Milan' rev='1154' date='1604133356.0-19800'><msg>- Fixed Data gapscore issue on device stop and start again.</msg><file>bluecardinal-core/src/main/java/com/sigmastream/bc/dataquality/ChannelStatastics.java</file><parents></parents></changeset>
<changeset node='481b292706ef305b2bdb2ee1375b8650428195b3' author='Milan' rev='1155' date='1604133468.0-19800'><msg>- tumbling set to 1 milli second to fix backfill count issues.
- removed local LocalParallelism 1 from sink.</msg><file>bluecardinal-core/src/main/java/com/sigmastream/pr/operator/DataQualityOperator.java</file><parents></parents></changeset>
<changeset node='19ee23a5805813cbbf32b15329265d0ecc35b95d' author='Milan' rev='1156' date='1604133574.0-19800'><msg>- Fixed dataGapScore stays 1 on restart at Device level.</msg><file>bluecardinal-core/src/main/java/com/sigmastream/bc/dataquality/DeviceStatistics.java</file><parents></parents></changeset>
<changeset node='70d64e94379cf1bef0f7c14ff25137449d3c4b01' author='Milan' rev='1157' date='1604133589.0-19800'><msg>Merge with DataQuality-B9044-BackfillNotWorking</msg><parents>1153:70af956b1b05 1156:19ee23a58058 </parents></changeset>
<changeset node='e8cfbd5f66fbaab1eea9300c1dff696b6fddf84c' author='Parth' rev='1158' date='1604303012.0-19800'><msg>Fix the issue of well change event is not working in bluecardinal process.</msg><file>bluecardinal-core/src/main/java/com/sigmastream/bc/backprocess/BackProcessingJob.java</file><file>bluecardinal-core/src/main/java/com/sigmastream/pr/common/YhChannelConfig.java</file><file>bluecardinal-core/src/main/java/com/sigmastream/pr/operator/MainOperator.java</file><file>bluecardinal-core/src/main/java/com/sigmastream/pr/operator/oes/WellOperationalPipeline.java</file><file>bluecardinal-core/src/main/java/com/sigmastream/pr/processor/oes/YhWSocketStreamSourceDQP.java</file><file>bluecardinal-core/src/main/java/com/sigmastream/pr/processor/oes/YhWSocketStreamSourceP.java</file><file>bluecardinal-core/src/main/java/com/sigmastream/pr/yh/sink/PayloadManager.java</file><file>bluecardinal-core/src/main/java/com/sigmastream/pr/yh/source/EventWSocketClientSource.java</file><file>bluecardinal-core/src/main/java/com/sigmastream/pr/yh/source/WSocketClientSource.java</file><parents></parents></changeset>
<changeset node='215d965c4acf341c71821ea2bc92808be8f6abe2' author='Parth' rev='1159' date='1604303146.0-19800'><msg>Merge with WellChangeEvent-B9067-WellChangeNotWorking</msg><parents>1157:70d64e94379c 1158:e8cfbd5f66fb </parents></changeset>
<changeset node='948abce7b9a12425fab201d28a78bc4f1f3ed971' author='Milan' rev='1160' date='1604308417.0-19800'><msg>- Added log field in DataPayload.</msg><file>bluecardinal-core/src/main/java/com/sigmastream/pr/beans/DataPayload.java</file><parents></parents></changeset>
<changeset node='537c004a403327e4bc57cce4ae66fdda30d4f016' author='Milan' rev='1161' date='1604308624.0-19800'><msg>- Refactored source to produce dataPayload and set logName.</msg><file>bluecardinal-core/src/main/java/com/sigmastream/pr/common/BCSources.java</file><file>bluecardinal-core/src/main/java/com/sigmastream/pr/processor/oes/YhWSocketStreamSourceDQP.java</file><parents></parents></changeset>
<changeset node='bcbf8409760f7f1dae14998a13f58cffffec6f07' author='Milan' rev='1162' date='1604308686.0-19800'><msg>- Added URI parser in CommonUtils.</msg><file>bluecardinal-core/src/main/java/com/sigmastream/pr/common/CommonUtils.java</file><file>bluecardinal-core/src/main/java/com/sigmastream/pr/common/YhChannelConfig.java</file><parents></parents></changeset>
<changeset node='387df95bdf8c6c45dab3abe92137e2da9d4e7c30' author='Milan' rev='1163' date='1604308878.0-19800'><msg>- Refactored SSIndicatorOperator not to use DQP source.
- Refactored DataQualityOperator to process DataPayload.</msg><file>bluecardinal-core/src/main/java/com/sigmastream/pr/operator/DataQualityOperator.java</file><file>bluecardinal-core/src/main/java/com/sigmastream/pr/operator/SSIndicatorOperator.java</file><file>bluecardinal-core/src/main/java/com/sigmastream/pr/yh/sink/PayloadManager.java</file><file>bluecardinal-core/src/main/java/com/sigmastream/pr/yh/source/DiscoveryMessageHandlar.java</file><parents></parents></changeset>
<changeset node='cb8e3bc6afcd6a7766a3ebb2baae7d595dc5cb9b' author='Milan' rev='1164' date='1604308983.0-19800'><msg>- Added Validation to not augment yhTime.
- Refactored StreamAugmentationP to accomodate DataQualityOperator chanegs.</msg><file>bluecardinal-core/src/main/java/com/sigmastream/pr/processor/StreamAugmentationP.java</file><parents></parents></changeset>
<changeset node='22c89080c9b80772256f80380816c48f09b192dd' author='Milan' rev='1165' date='1604309103.0-19800'><msg>- Refactored Channel Deviec and Well Monitor to use logName.</msg><file>bluecardinal-core/src/main/java/com/sigmastream/bc/dataquality/ChannelQualityMonitor.java</file><file>bluecardinal-core/src/main/java/com/sigmastream/bc/dataquality/DeviceQualityMonitor.java</file><file>bluecardinal-core/src/main/java/com/sigmastream/bc/dataquality/WellQualityMonitor.java</file><parents></parents></changeset>
<changeset node='98617394b1ec2d24669d4c967be0ae9b4bf13b42' author='Milan' rev='1166' date='1604309267.0-19800'><msg>- Implemented inputDataStreamsInvert
- Added channelLog Maping as member variable.
- Refactored code to add support for LogName.</msg><file>bluecardinal-core/src/main/java/com/sigmastream/pr/processor/ChannelQualityP.java</file><parents></parents></changeset>
<changeset node='62328ff45984c16c902d7c1f4f74e066c3e4aba7' author='Milan' rev='1167' date='1604309283.0-19800'><msg>- Implemented inputDataStreamsInvert
- Refactored code to add support for LogName.</msg><file>bluecardinal-core/src/main/java/com/sigmastream/pr/processor/ExpectedDataQualityP.java</file><parents></parents></changeset>
<changeset node='45bee6f11df1a3c9d1bc901acddb5289af4874fa' author='Milan' rev='1168' date='1604309319.0-19800'><msg>Refactored RuleEngine to add support for LogName.</msg><file>bluecardinal-core/src/main/java/com/sigmastream/bc/dataquality/RuleEngine.java</file><parents></parents></changeset>
<changeset node='b54883a58e8d7e58e8166ec198afebaf3995472a' author='Milan' rev='1169' date='1604309350.0-19800'><msg>Merge with DataQuality-T9072-LogName</msg><parents>1159:215d965c4acf 1168:45bee6f11df1 </parents></changeset>
<changeset node='1de47bc38050bd5b69d764698de0d2043ecd8ea7' author='Milan' rev='1170' date='1604311927.0-19800'><msg>- removed Strings usage.</msg><file>bluecardinal-core/src/main/java/com/sigmastream/pr/processor/ChannelQualityP.java</file><parents></parents></changeset>
<changeset node='42dfaea47c9bddb33c7ff01aec5d43ed634f190c' author='Milan' rev='1171' date='1604312880.0-19800'><msg>Added new WellQualityMonitor().</msg><file>bluecardinal-core/src/main/java/com/sigmastream/pr/processor/ChannelQualityP.java</file><parents></parents></changeset>
<changeset node='125d3c782988d220cd91fbf59fcd98275c65acba' author='Parth' rev='1172' date='1604312996.0-19800'><msg>Fix the issue of dataQuality well change event is not working in bluecardinal process.</msg><file>bluecardinal-core/src/main/java/com/sigmastream/pr/processor/oes/YhWSocketStreamSourceDQP.java</file><parents>1170:1de47bc38050 </parents></changeset>
<changeset node='7dd04085784baa42371989ccb234dad42176ec6a' author='Parth' rev='1173' date='1604313053.0-19800'><msg>Merge with WellChangeEvent-B9067-WellChangeNotWorking</msg><parents>1171:42dfaea47c9b 1172:125d3c782988 </parents></changeset>
<changeset node='bd93202e39bc805888cf4390889ae6727662290c' author='Milan' rev='1174' date='1604314778.0-19800'><msg>- fixed backfill isssue regression.</msg><file>bluecardinal-core/src/main/java/com/sigmastream/bc/dataquality/ChannelQualityMonitor.java</file><file>bluecardinal-core/src/main/java/com/sigmastream/bc/dataquality/DeviceQualityMonitor.java</file><file>bluecardinal-core/src/main/java/com/sigmastream/bc/dataquality/WellQualityMonitor.java</file><parents></parents></changeset>
<changeset node='e6a9ec9733289cd9ffc193804e1c94bf4dc7ecb4' author='Milan' rev='1175' date='1604314800.0-19800'><msg>Merge with DataQuality-T9072-LogName</msg><parents>1173:7dd04085784b 1174:bd93202e39bc </parents></changeset>
<changeset node='6304bc41e2b4bf11c9620017da766bc1ff9b0656' author='Milan' rev='1176' date='1604317555.0-19800'><msg>- Fixed StreamingAugmentationP issue (regression)</msg><file>bluecardinal-core/src/main/java/com/sigmastream/pr/processor/StreamAugmentationP.java</file><parents></parents></changeset>
<changeset node='d42a698655606f14e3ba34825d8bf561885ae910' author='Milan' rev='1177' date='1604317580.0-19800'><msg>Merge with DataQuality-T9072-LogName</msg><parents>1175:e6a9ec973328 1176:6304bc41e2b4 </parents></changeset>
<changeset node='f654449c38cde983b45937e0c030d8f1ea31ded2' author='Milan' rev='1178' date='1604319139.0-19800'><msg>- Fixed Backfill issue on wellchagne.</msg><file>bluecardinal-core/src/main/java/com/sigmastream/pr/operator/DataQualityOperator.java</file><file>bluecardinal-core/src/main/java/com/sigmastream/pr/processor/ChannelQualityP.java</file><parents></parents></changeset>
<changeset node='91e2ca920a8dc84d78e76803cd47f4642fa23d1d' author='Milan' rev='1179' date='1604319158.0-19800'><msg>Merge with WellChangeEvent-B9067-WellChangeNotWorking</msg><parents>1177:d42a69865560 1178:f654449c38cd </parents></changeset>
<changeset node='46bef4cec6009a24a657ea0c8fdc66aecafa6ea1' author='Milan' rev='1180' date='1604330607.0-19800'><msg>- Fixed continues channel emit update.</msg><file>bluecardinal-core/src/main/java/com/sigmastream/bc/dataquality/ChannelQualityMonitor.java</file><file>bluecardinal-core/src/main/java/com/sigmastream/pr/operator/DataQualityOperator.java</file><file>bluecardinal-core/src/main/java/com/sigmastream/pr/processor/ChannelQualityP.java</file><parents></parents></changeset>
<changeset node='a9ad51c38a302e7232fe968a2c56ca28b6fdbfc0' author='Milan' rev='1181' date='1604332241.0-19800'><msg>Fixed Device not updating issue.</msg><file>bluecardinal-core/src/main/java/com/sigmastream/pr/processor/ChannelQualityP.java</file><parents></parents></changeset>
<changeset node='06ab743c14bc681ce17c6d610ddbbf5d71c6217f' author='Milan' rev='1182' date='1604332255.0-19800'><msg>Merge with DataQuality-T9072-LogName</msg><parents>1179:91e2ca920a8d 1181:a9ad51c38a30 </parents></changeset>
<changeset node='1eb82b7d2791ffa907b109e00b4e497ab8cdd6da' author='Milan' rev='1183' date='1604388768.0-19800'><msg>- Added Logger Support in mongoDB and try catch on findWhere.</msg><file>bluecardinal-core/src/main/java/com/sigmastream/main/MongoDBManager.java</file><parents></parents></changeset>
<changeset node='42b1806e5a934c6e06aacb7dd283803bd25d3697' author='Milan' rev='1184' date='1604393491.0-19800'><msg>- Added ExpectedDataQualityP inside keep tag in YGuard task.</msg><file>bluecardinal-core/pom.xml</file><parents></parents></changeset>
<changeset node='a1335d844facb73204656bb9ec2804b715dd16ea' author='Milan' rev='1185' date='1604393690.0-19800'><msg>- Format code.</msg><file>bluecardinal-core/pom.xml</file><parents></parents></changeset>
<changeset node='cebc5e030085b10cb68052c89e7f294289f7047c' author='Parth' rev='1186' date='1604404780.0-19800'><msg>If current configuration has issue and this configuration is not read from config directory than only read the config directory for process.</msg><file>bluecardinal-core/src/main/java/com/sigmastream/main/Main.java</file><parents></parents></changeset>
<changeset node='b698e4f6a5c34ae08bcd5b8e4b44cdfeaf034c85' author='Parth' rev='1187' date='1604404814.0-19800'><msg>Merge with Configuration-T9070-BCShouldWorkWithoutConfig</msg><parents>1185:a1335d844fac 1186:cebc5e030085 </parents></changeset>
<changeset node='a1489e035893d3b29f506ade16c2778f4288978c' author='Parth' rev='1188' date='1604412791.0-19800'><msg>Fix the issue of if active well not found than BC process is not stuck and execute next process.</msg><file>bluecardinal-core/src/main/java/com/sigmastream/pr/processor/oes/YhWSocketStreamSourceDQP.java</file><file>bluecardinal-core/src/main/java/com/sigmastream/pr/processor/oes/YhWSocketStreamSourceP.java</file><parents></parents></changeset>
<changeset node='7658e22a13a5bb68cc906db27292c537ab801d97' author='Parth' rev='1189' date='1604412920.0-19800'><msg>Merge with Configuration-T9070-BCShouldWorkWithoutConfig</msg><parents>1187:b698e4f6a5c3 1188:a1489e035893 </parents></changeset>
<changeset node='0e4f20a586370eba0da39f98fc37dc51827d8bf9' author='Milan' rev='1190' date='1604413323.0-19800'><msg>- Fixed Expected score not able to disable.</msg><file>bluecardinal-core/src/main/java/com/sigmastream/bc/dataquality/ChannelQualityMonitor.java</file><file>bluecardinal-core/src/main/java/com/sigmastream/pr/common/BCDataQualityAspect.java</file><file>bluecardinal-core/src/main/java/com/sigmastream/pr/processor/ExpectedDataQualityP.java</file><parents></parents></changeset>
<changeset node='0b90a13d7837d6b2cd1b1e9a8920a714084f55d9' author='Milan' rev='1191' date='1604413359.0-19800'><msg>Merge with DataQuality-T9072-LogName</msg><parents>1189:7658e22a13a5 1190:0e4f20a58637 </parents></changeset>
<changeset node='69180e88d49466304961f517414984c0e9cb0ab9' author='Milan' rev='1192' date='1604466948.0-19800'><msg>- Fixed wrong precision expected value.</msg><file>bluecardinal-core/src/main/java/com/sigmastream/pr/processor/ExpectedDataQualityP.java</file><parents></parents></changeset>
<changeset node='a6d356d7806a772adeb987281cb83fa16e6e7f71' author='Milan' rev='1193' date='1604466995.0-19800'><msg>Merge with DataQuality-T9072-LogName</msg><parents>1191:0b90a13d7837 1192:69180e88d494 </parents></changeset>
<changeset node='5962d168cfc1d821cf73a6ae1de3dc7ebdc6299f' author='Parth' rev='1194' date='1604469759.0-19800'><msg>Fix the issue of clear the invalid files from the config fetch to process the next configuration file in Bluecardinal.</msg><file>bluecardinal-core/src/main/java/com/sigmastream/main/Main.java</file><parents></parents></changeset>
<changeset node='bdaa10ab61d0a941aa98e20805287dc2542d3482' author='Parth' rev='1195' date='1604469777.0-19800'><msg>Merge with Configuration-T9070-BCShouldWorkWithoutConfig</msg><parents>1193:a6d356d7806a 1194:5962d168cfc1 </parents></changeset>
<changeset node='9ceaa24a53a422e23988f51ce231fca42923bea1' author='Parth' rev='1196' date='1604472901.0-19800'><msg>Comment out the parameter to run Bluecardinal process from main file.</msg><file>bluecardinal-core/src/main/java/com/sigmastream/main/Main.java</file><parents></parents></changeset>
<changeset node='8210b50bf9ba557dc126caf89972ef642ab92ed7' author='Milan' rev='1197' date='1604480668.0-19800'><msg>- Refactored logs.</msg><file>bluecardinal-core/src/main/java/com/sigmastream/bc/backprocess/BackProcessingJob.java</file><file>bluecardinal-core/src/main/java/com/sigmastream/bc/dataquality/ChannelQualityMonitor.java</file><file>bluecardinal-core/src/main/java/com/sigmastream/bc/dataquality/ChannelStatastics.java</file><file>bluecardinal-core/src/main/java/com/sigmastream/bc/dataquality/DeviceQualityMonitor.java</file><file>bluecardinal-core/src/main/java/com/sigmastream/bc/dataquality/RuleEngine.java</file><file>bluecardinal-core/src/main/java/com/sigmastream/bc/dataquality/WellQualityMonitor.java</file><file>bluecardinal-core/src/main/java/com/sigmastream/bc/dataquality/WellStatistics.java</file><file>bluecardinal-core/src/main/java/com/sigmastream/bc/dysfunction/DysFunctionP.java</file><file>bluecardinal-core/src/main/java/com/sigmastream/bc/jobs/JobConfiguration.java</file><file>bluecardinal-core/src/main/java/com/sigmastream/bc/jobs/JobsScheduler.java</file><file>bluecardinal-core/src/main/java/com/sigmastream/bc/jobs/ProcessorState.java</file><file>bluecardinal-core/src/main/java/com/sigmastream/bc/mse/MSEProc.java</file><file>bluecardinal-core/src/main/java/com/sigmastream/bc/rest/RestClient.java</file><file>bluecardinal-core/src/main/java/com/sigmastream/main/MongoDBManager.java</file><file>bluecardinal-core/src/main/java/com/sigmastream/pr/aggregator/OEOperation.java</file><file>bluecardinal-core/src/main/java/com/sigmastream/pr/operator/oes/WellOperationalPipeline.java</file><file>bluecardinal-core/src/main/java/com/sigmastream/pr/processor/ChannelQualityP.java</file><file>bluecardinal-core/src/main/java/com/sigmastream/pr/processor/StreamAugmentationP.java</file><file>bluecardinal-core/src/main/java/com/sigmastream/pr/processor/oes/CSVDataReaderP.java</file><file>bluecardinal-core/src/main/java/com/sigmastream/pr/processor/oes/ConnectionDetectorP.java</file><file>bluecardinal-core/src/main/java/com/sigmastream/pr/processor/oes/DelayedDecisionP.java</file><file>bluecardinal-core/src/main/java/com/sigmastream/pr/processor/oes/FilterStreamsP.java</file><file>bluecardinal-core/src/main/java/com/sigmastream/pr/processor/oes/MOEDebugOperator.java</file><file>bluecardinal-core/src/main/java/com/sigmastream/pr/processor/oes/YhWSocketStreamSourceDQP.java</file><file>bluecardinal-core/src/main/java/com/sigmastream/pr/processor/oes/YhWSocketStreamSourceExP.java</file><file>bluecardinal-core/src/main/java/com/sigmastream/pr/processor/oes/YhWSocketStreamSourceP.java</file><parents></parents></changeset>
<changeset node='b42ab356a71815e53f9db8359285e6280f5d05a6' author='Milan' rev='1198' date='1604480700.0-19800'><msg>- Refactored logs.</msg><file>bluecardinal-core/src/main/java/com/sigmastream/main/Main.java</file><parents></parents></changeset>
<changeset node='ff49f7f061911e35032103c44fd14750a34ad90f' author='Milan' rev='1199' date='1604480728.0-19800'><msg>Merge with Logger-T9083-RemoveStacktraceLog</msg><parents>1196:9ceaa24a53a4 1198:b42ab356a718 </parents></changeset>
<changeset node='0e53dfc62d11635a0b8c86aba6c8719413bc8701' author='Milan' rev='1200' date='1604486697.0-19800'><msg>- Set dataQueue size configurable.</msg><file>bluecardinal-core/src/main/java/com/sigmastream/pr/processor/oes/YhWSocketStreamSourceDQP.java</file><file>bluecardinal-core/src/main/java/com/sigmastream/pr/yh/source/WSocketClientSource.java</file><parents></parents></changeset>
<changeset node='06a9dc719198b061fcb5545a4834f43c3f254f8f' author='Milan' rev='1201' date='1604486712.0-19800'><msg>Merge with CORE-T9084-BoundedBuffer</msg><parents>1199:ff49f7f06191 1200:0e53dfc62d11 </parents></changeset>
<changeset node='614f4e2f8bfc80e1abc2b7aa2257636e3f1bc37a' author='Parth' rev='1202' date='1604489620.0-19800'><msg>Fix the issue of null pointer while active well/device is not found.</msg><file>bluecardinal-core/src/main/java/com/sigmastream/pr/processor/ChannelQualityP.java</file><file>bluecardinal-core/src/main/java/com/sigmastream/pr/processor/oes/YhWSocketStreamSourceDQP.java</file><file>bluecardinal-core/src/main/java/com/sigmastream/pr/processor/oes/YhWSocketStreamSourceP.java</file><parents></parents></changeset>
<changeset node='bee60b4a5b9ec184a18f5c792e65dcec0997586f' author='Parth' rev='1203' date='1604497159.0-19800'><msg>Fix the issue of one config cause the error than it will stop the Blucardinal.</msg><file>bluecardinal-core/src/main/java/com/sigmastream/main/Main.java</file><parents></parents></changeset>
<changeset node='ca326fac4742f1ee899d2ea2537445f12d5f1010' author='Parth' rev='1204' date='1604497191.0-19800'><msg>Merge with Configuration-T9070-BCShouldWorkWithoutConfig</msg><parents>1202:614f4e2f8bfc 1203:bee60b4a5b9e </parents></changeset>
<changeset node='7c74e25adf13f5f51a50eef612a343751529da89' author='Parth' rev='1205' date='1604498414.0-19800'><msg>Revert the changes Now it will not stuck while getting active well due to whole process is running on seprate thread.</msg><file>bluecardinal-core/src/main/java/com/sigmastream/pr/processor/oes/YhWSocketStreamSourceDQP.java</file><file>bluecardinal-core/src/main/java/com/sigmastream/pr/processor/oes/YhWSocketStreamSourceP.java</file><parents></parents></changeset>
<changeset node='3420e8a12474969d6a35ee356132bfa40faa8d88' author='Milan' rev='1206' date='1604503487.0-19800'><msg>- updated dataQuality config.</msg><file>bluecardinal-core/config/operator-dataquality.config</file><parents></parents></changeset>
<changeset node='0a7a0ba32dfb22d1dc8337cd61fed771c4d0ce94' author='Parth' rev='1207' date='1604639742.0-19800'><msg>Fix the issue of stackoverflow issue while config directory has no configuration.</msg><file>bluecardinal-core/src/main/java/com/sigmastream/main/Main.java</file><parents></parents></changeset>
<changeset node='579636b032b14c2692b94976e3438fca9cc98e57' author='Parth' rev='1208' date='1604640435.0-19800'><msg>Deprecate the welloperationaloperator from the bluecardinal process due to throw the error while processing the multiple configuration from the config directory.</msg><file>bluecardinal-core/src/main/java/com/sigmastream/pr/common/BCOperators.java</file><parents></parents></changeset>
<changeset node='cc8ce683276b74048dd7f743b1e390bd2052e83c' author='Parth' rev='1209' date='1604644717.0-19800'><msg>Deprecated operators which are not in use becasue of it&#39;s throws the error while put configuration file of that operator into deploy or config folder which cause error into the BC process.</msg><file>bluecardinal-core/src/main/java/com/sigmastream/main/Main.java</file><file>bluecardinal-core/src/main/java/com/sigmastream/pr/common/BCOperators.java</file><parents></parents></changeset>
<changeset node='45f43adfccebe335bec7d275c4e3e7e9b1053e62' author='Parth' rev='1210' date='1604680990.0-19800'><msg>Remove the static maps to fix the issue of multiple DQ configuration stops whenever any one configuration is not valid.</msg><file>bluecardinal-core/src/main/java/com/sigmastream/bc/dataquality/ChannelQualityMonitor.java</file><file>bluecardinal-core/src/main/java/com/sigmastream/bc/dataquality/DeviceQualityMonitor.java</file><file>bluecardinal-core/src/main/java/com/sigmastream/bc/dataquality/WellQualityMonitor.java</file><file>bluecardinal-core/src/main/java/com/sigmastream/pr/common/BCSources.java</file><file>bluecardinal-core/src/main/java/com/sigmastream/pr/operator/DataQualityOperator.java</file><file>bluecardinal-core/src/main/java/com/sigmastream/pr/processor/ChannelQualityP.java</file><file>bluecardinal-core/src/main/java/com/sigmastream/pr/processor/DeviceQualityP.java</file><file>bluecardinal-core/src/main/java/com/sigmastream/pr/processor/ExpectedDataQualityP.java</file><file>bluecardinal-core/src/main/java/com/sigmastream/pr/processor/WellQualityP.java</file><parents></parents></changeset>
<changeset node='71f9cab3b07a907093ee624b5d759282b23c018e' author='Milan' rev='1211' date='1605101967.0-19800'><msg>- Added Output streaming logs.</msg><file>bluecardinal-core/src/main/java/com/sigmastream/pr/yh/sink/PayloadManager.java</file><parents></parents></changeset>
<changeset node='3e53208f2a252ecaaaba925157c822293a1b7764' author='Milan' rev='1212' date='1605102112.0-19800'><msg>- Added input streaming data Logger.</msg><file>bluecardinal-core/src/main/java/com/sigmastream/pr/processor/YhWSocketSinkP.java</file><file>bluecardinal-core/src/main/java/com/sigmastream/pr/processor/oes/YhWSocketStreamSourceDQP.java</file><parents></parents></changeset>
<changeset node='c883df2075ef8ae1febec2682e9a17c5c331cd72' author='Milan' rev='1213' date='1605102196.0-19800'><msg>- Fixed summary ouput file.
- Added debug logs for null device name.</msg><file>bluecardinal-core/src/main/java/com/sigmastream/pr/processor/ChannelQualityP.java</file><parents></parents></changeset>
<changeset node='f41968221e2953a73b76f64c1531044387ac5aa7' author='Milan' rev='1214' date='1605102313.0-19800'><msg>- Added fixed lag in pipeline.</msg><file>bluecardinal-core/src/main/java/com/sigmastream/pr/operator/DataQualityOperator.java</file><parents></parents></changeset>
<changeset node='4d91b23bd5bdc9a907cf29b57d5e6960bf004c61' author='Milan' rev='1215' date='1605102384.0-19800'><msg>Fixed NPE in ML DeviceQuality</msg><file>bluecardinal-core/src/main/java/com/sigmastream/bc/dataquality/DeviceQualityMonitor.java</file><parents></parents></changeset>
<changeset node='838433b5a0b464652b8dbdf43e560de4c4369e74' author='Milan' rev='1216' date='1605105798.0-19800'><msg>- Fixed initial backfill NPE in channel.</msg><file>bluecardinal-core/src/main/java/com/sigmastream/bc/dataquality/ChannelQualityMonitor.java</file><file>bluecardinal-core/src/main/java/com/sigmastream/bc/dataquality/DeviceQualityMonitor.java</file><file>bluecardinal-core/src/main/java/com/sigmastream/bc/dataquality/WellQualityMonitor.java</file><file>bluecardinal-core/src/main/java/com/sigmastream/pr/processor/ChannelQualityP.java</file><parents></parents></changeset>
<changeset node='c2b05d60ea3dd3d3cc6bec77e61e98ae22141a82' author='Milan' rev='1217' date='1605110886.0-19800'><msg>- Fixed is channel dead issue.</msg><file>bluecardinal-core/src/main/java/com/sigmastream/bc/dataquality/ChannelQualityMonitor.java</file><parents></parents></changeset>
<changeset node='48f6c71e45544674d151b1353e074f43bb22e45c' author='Milan' rev='1218' date='1605111554.0-19800'><msg>- Fixed CSV output for _totalChannelASWI score.</msg><file>bluecardinal-core/src/main/java/com/sigmastream/pr/processor/ChannelQualityP.java</file><parents></parents></changeset>
<changeset node='6d3807963bfaa1ef412fee6924ada79007b229ff' author='Milan' rev='1219' date='1605161379.0-19800'><msg>Merge with DataQuality-B9164-ML-DeviceDQ</msg><parents>1210:45f43adfcceb 1218:48f6c71e4554 </parents></changeset>
<changeset node='131b00160e5ccea5389e32c7785307aa704508d8' author='Milan' rev='1220' date='1605188366.0-19800'><msg>- Fixed stream time wrong value in dataQuality on Well change.</msg><file>bluecardinal-core/src/main/java/com/sigmastream/bc/dataquality/ChannelQualityMonitor.java</file><file>bluecardinal-core/src/main/java/com/sigmastream/bc/dataquality/DeviceQualityMonitor.java</file><file>bluecardinal-core/src/main/java/com/sigmastream/bc/dataquality/WellQualityMonitor.java</file><parents></parents></changeset>
<changeset node='0b2430e061a656508b76bec55664f0eca1e627d2' author='Milan' rev='1221' date='1605188382.0-19800'><msg>Merge with DataQuality-B9164-ML-DeviceDQ</msg><parents>1219:6d3807963bfa 1220:131b00160e5c </parents></changeset>
<changeset node='798b72c6a946ddcdb649809764ccf977a49ad003' author='Milan' rev='1222' date='1605251435.0-19800'><msg>- Fixed NPE on UoM conversion.</msg><file>bluecardinal-core/src/main/java/com/sigmastream/pr/processor/oes/YhWSocketStreamSourceDQP.java</file><parents></parents></changeset>
<changeset node='8a716d04f55bfb0d2db0b4aa69d955a7dc81c7e8' author='Milan' rev='1223' date='1605251530.0-19800'><msg>- Fixed accum total dead duration issue when multiple freq channels.</msg><file>bluecardinal-core/src/main/java/com/sigmastream/bc/dataquality/ChannelQualityMonitor.java</file><parents></parents></changeset>
<changeset node='1e6dd3322ab6a932c14e333cc8a6e37273b9db0f' author='Milan' rev='1224' date='1605251569.0-19800'><msg>Merge with DataQuality-B9164-ML-DeviceDQ</msg><parents>1221:0b2430e061a6 1223:8a716d04f55b </parents></changeset>
<changeset node='f017e942b302e931c101a4c96009b712592f71a8' author='Milan' rev='1225' date='1605259711.0-19800'><msg>-Fixed Multiple Data-Push Device Issue on Yellowhammer.</msg><file>bluecardinal-core/src/main/java/com/sigmastream/pr/operator/DataQualityOperator.java</file><parents></parents></changeset>
<changeset node='4f6a61c7c3f5f5c99d5fbd287c67aadf40722350' author='Milan' rev='1226' date='1605259735.0-19800'><msg>Merge with DataQuality-B9164-ML-DeviceDQ</msg><parents>1224:1e6dd3322ab6 1225:f017e942b302 </parents></changeset>
<changeset node='9db76f19032e2aefbd5efb2e536ae25ebddc2e94' author='Milan' rev='1227' date='1605261614.0-19800'><msg>- Fixed issue in backfill when channel Freq are different.</msg><file>bluecardinal-core/src/main/java/com/sigmastream/bc/dataquality/DeviceQualityMonitor.java</file><parents></parents></changeset>
<changeset node='40eebd3b66d4d822d7ef487f5fdf6d186736ca20' author='Milan' rev='1228' date='1605261653.0-19800'><msg>Merge with DataQuality-B9164-ML-DeviceDQ</msg><parents>1226:4f6a61c7c3f5 1227:9db76f19032e </parents></changeset>
<changeset node='a2ee6e5ec4637e315d2a59a4efe01e8423e7319b' author='Milan' rev='1229' date='1605264210.0-19800'><msg>- Fixed issue in inbetween backfill when channel Freq are different.</msg><file>bluecardinal-core/src/main/java/com/sigmastream/bc/dataquality/DeviceQualityMonitor.java</file><parents></parents></changeset>
<changeset node='e43fe8024497ced3a7f8b9c59f107f89f05b9759' author='Milan' rev='1230' date='1605264223.0-19800'><msg>Merge with DataQuality-B9164-ML-DeviceDQ</msg><parents>1228:40eebd3b66d4 1229:a2ee6e5ec463 </parents></changeset>
<changeset node='348491ebf1c1f9ccd9b6eb540934947e744c4257' author='Milan' rev='1231' date='1605268732.0-19800'><msg>- Added info logs.</msg><file>bluecardinal-core/src/main/java/com/sigmastream/bc/dataquality/ChannelQualityMonitor.java</file><parents></parents></changeset>
<changeset node='4aa783f29f6752c1d608347de1a299175aa20abc' author='Milan' rev='1232' date='1605271269.0-19800'><msg>- Added log statement
- Added validation for -ive timestamp.</msg><file>bluecardinal-core/src/main/java/com/sigmastream/bc/dataquality/ChannelQualityMonitor.java</file><file>bluecardinal-core/src/main/java/com/sigmastream/bc/dataquality/DeviceQualityMonitor.java</file><file>bluecardinal-core/src/main/java/com/sigmastream/bc/dataquality/WellQualityMonitor.java</file><parents></parents></changeset>
<changeset node='202ce9079c4333ba3e016a005db42732dd1c666c' author='Milan' rev='1233' date='1605271289.0-19800'><msg>Merge with DataQuality-B9164-ML-DeviceDQ</msg><parents>1231:348491ebf1c1 1232:4aa783f29f67 </parents></changeset>
<changeset node='debfec5c600bdb9f374f421a1c9f28298b5938e6' author='Milan' rev='1234' date='1605282815.0-19800'><msg>- Fixed well change issue streamning not working.</msg><file>bluecardinal-core/src/main/java/com/sigmastream/pr/yh/source/EventWSocketClientSource.java</file><parents></parents></changeset>
<changeset node='2457dfea9325559d5567080e49739f66a75a01bd' author='Milan' rev='1235' date='1605282850.0-19800'><msg>- Added Null check validaiton on data streaming.</msg><file>bluecardinal-core/src/main/java/com/sigmastream/pr/processor/oes/YhWSocketStreamSourceDQP.java</file><parents></parents></changeset>
<changeset node='4750a908ae8774671441edca8111d16700805b6c' author='Milan' rev='1236' date='1605282871.0-19800'><msg>Merge with DataQuality-B9164-ML-DeviceDQ</msg><parents>1233:202ce9079c43 1235:2457dfea9325 </parents></changeset>
<changeset node='3a111f591e3cc860f7a54e14b996b2e078f08289' author='Milan' rev='1237' date='1605286416.0-19800'><msg>- Added 10 second sleep between job restart.</msg><file>bluecardinal-core/src/main/java/com/sigmastream/pr/yh/source/EventWSocketClientSource.java</file><parents></parents></changeset>
<changeset node='28a748f198ccedc7c8d14ae26eb2ab27c011421f' author='Milan' rev='1238' date='1605288821.0-19800'><msg>- Changed sleep interval to 100 ms.</msg><file>bluecardinal-core/src/main/java/com/sigmastream/pr/yh/source/EventWSocketClientSource.java</file><parents></parents></changeset>
<changeset node='e79e17a8a713bc46ba7f00dfc650ae03c59b32a0' author='Milan' rev='1239' date='1605351422.0-19800'><msg>- Reverted changes.</msg><file>bluecardinal-core/src/main/java/com/sigmastream/pr/yh/source/EventWSocketClientSource.java</file><parents></parents></changeset>
<changeset node='d4ab41d6ecbd45a7b3bebf57f669c0b8071d0c0e' author='Milan' rev='1240' date='1605355075.0-19800'><msg>- Added isRestarted param in jobInformation object.</msg><file>bluecardinal-core/src/main/java/com/sigmastream/bc/jobs/JobInformation.java</file><parents></parents></changeset>
<changeset node='c65bb6cf732dd1b4f190626c05ac8fa0146a3ced' author='Milan' rev='1241' date='1605355108.0-19800'><msg>- Removed static isRestarted variable.</msg><file>bluecardinal-core/src/main/java/com/sigmastream/pr/common/YhChannelConfig.java</file><file>bluecardinal-core/src/main/java/com/sigmastream/pr/yh/source/DiscoveryMessageHandlar.java</file><parents></parents></changeset>
<changeset node='c171049567e0f6525332f524ba4eaa15c5cf1eec' author='Milan' rev='1242' date='1605355295.0-19800'><msg>- Used jobinfo&#39;s isRestarted variable for status.</msg><file>bluecardinal-core/src/main/java/com/sigmastream/pr/processor/oes/YhWSocketStreamSourceDQP.java</file><file>bluecardinal-core/src/main/java/com/sigmastream/pr/processor/oes/YhWSocketStreamSourceP.java</file><parents></parents></changeset>
<changeset node='ab9ed9c3c9ac140e6839d7dfd6138ea6d5d4a090' author='Milan' rev='1243' date='1605355325.0-19800'><msg>- Refactored WsocketClientSource static variable.</msg><file>bluecardinal-core/src/main/java/com/sigmastream/pr/yh/source/WSocketClientSource.java</file><parents></parents></changeset>
<changeset node='5216d55d2afab8869bf5d5d5b3539550615df71e' author='Milan' rev='1244' date='1605355366.0-19800'><msg>Refactored EventWsocketClientSource static variable.
- Used JobInfo&#39;s isRestarted variable inplace of static one.</msg><file>bluecardinal-core/src/main/java/com/sigmastream/pr/yh/source/EventWSocketClientSource.java</file><parents></parents></changeset>
<changeset node='0e4b39751637476ac90de2fb9ffbbae9a2e531c1' author='Milan' rev='1245' date='1605355385.0-19800'><msg>Merge with DataQuality-B9164-ML-DeviceDQ</msg><parents>1239:e79e17a8a713 1244:5216d55d2afa </parents></changeset>
<changeset node='7965dbf390e0e354052f1e7871714d2dd99f4517' author='Milan' rev='1246' date='1605466999.0-19800'><msg>- Added EventWsocketClientSource in JobInfo.
- Added JobRestart Method.</msg><file>bluecardinal-core/src/main/java/com/sigmastream/bc/jobs/JobInformation.java</file><parents></parents></changeset>
<changeset node='9e764e469d0d4f168624d291aea63c3ffdd89fd2' author='Milan' rev='1247' date='1605467102.0-19800'><msg>- Added job Restart schedulart in OE Job.</msg><file>bluecardinal-core/src/main/java/com/sigmastream/pr/operator/DataAnalyserOperator.java</file><file>bluecardinal-core/src/main/java/com/sigmastream/pr/operator/DataQualityOperator.java</file><file>bluecardinal-core/src/main/java/com/sigmastream/pr/operator/SSIndicatorOperator.java</file><file>bluecardinal-core/src/main/java/com/sigmastream/pr/operator/oes/DysfunctionOperator.java</file><file>bluecardinal-core/src/main/java/com/sigmastream/pr/processor/oes/YhWSocketStreamSourceP.java</file><parents></parents></changeset>
<changeset node='1770ead866f6cf72cbcc395ac449f9a36228f6ac' author='Milan' rev='1248' date='1605467149.0-19800'><msg>- Missing commit in , Added job Restart schedulart in OE Job.</msg><file>bluecardinal-core/src/main/java/com/sigmastream/pr/operator/oes/WellOperationalPipeline.java</file><parents></parents></changeset>
<changeset node='b6188ab960f4d18a142a130b929ea500b0854f83' author='Milan' rev='1249' date='1605467269.0-19800'><msg>- Added restartJob logic in streamAugmentationP</msg><file>bluecardinal-core/src/main/java/com/sigmastream/pr/processor/StreamAugmentationP.java</file><file>bluecardinal-core/src/main/java/com/sigmastream/pr/processor/oes/YhWSocketStreamSourceDQP.java</file><parents></parents></changeset>
<changeset node='df7062c357c9a2561d23e726bc116c29477fedfa' author='Milan' rev='1250' date='1605467309.0-19800'><msg>- Added public methdo restartThisJob</msg><file>bluecardinal-core/src/main/java/com/sigmastream/pr/yh/source/EventWSocketClientSource.java</file><parents></parents></changeset>
<changeset node='f73fd7093888500b3d15659b2ff9ca96b4d37388' author='Milan' rev='1251' date='1605467331.0-19800'><msg>Merge with DataQuality-B9164-ML-DeviceDQ</msg><parents>1245:0e4b39751637 1250:df7062c357c9 </parents></changeset>
<changeset node='3d1d32625c06f844d8e9b6c70d34e2599c5f4c67' author='Milan' rev='1252' date='1605467738.0-19800'><msg>- Todo jobConfiguration should not be new.</msg><file>bluecardinal-core/src/main/java/com/sigmastream/pr/processor/StreamAugmentationP.java</file><parents></parents></changeset>
</changesets>