<?xml version="1.0" encoding="UTF-8"?>
<changesets>
<changeset node='af5ea3904bf52a65acaae9a936a0da87e69d90b6' author='Milan' rev='905' date='1591335135.0-19800'><msg>- Fixed data does not streaming after previous state restoration.</msg><file>bluecardinal-core/src/main/java/com/sigmastream/pr/processor/DataQualityP.java</file><parents></parents></changeset>
<changeset node='aca87435b9d1388bfe523d412775b34727af4149' author='Milan' rev='906' date='1591335182.0-19800'><msg>Merge with B7967-StateResetOnRestart</msg><parents>904:b1b7e56711e5 905:af5ea3904bf5 </parents></changeset>
</changesets>