<?xml version="1.0" encoding="UTF-8"?>
<changesets>
<changeset node='8941bfe44b800c4cce1bc432a8f7148bd487d52a' author='Namita' rev='1014' date='1592668061.0-19800'><msg>Modified implementation to handle mnemonic with special characters
Fixed issue of not maintaining Regex flag on Edit monitor.</msg><file>rc-server/src/main/resources/webapp/js/dashboard/content.js</file><file>rc-yellowhammer-monitor/src/main/java/com/sigmastream/rc/yellowhammer/monitor/YellowHammerMonitor.java</file><file>rc-yellowhammer-monitor/src/main/java/com/sigmastream/rc/yellowhammer/monitor/beans/ChannelParams.java</file><parents></parents></changeset>
</changesets>