<?xml version="1.0" encoding="UTF-8"?>
<changesets>
<changeset node='472030fe876ff795f364e99d807e756441af1fa2' author='Namita' rev='1060' date='1627727421.0-19800'><msg>Hide RigName in shellScript monitor
Set WellMetatadata field while creating Rig in server.</msg><file>rc-server/src/main/java/com/sigmastream/rc/json/data/MonitorData.java</file><file>rc-server/src/main/java/com/sigmastream/rc/operator/manager/IOTOperatorManager.java</file><file>rc-server/src/main/resources/webapp/WEB-INF/jsp/dashboard/monitor/parameters.jsp</file><parents></parents></changeset>
<changeset node='e9f375327815205fc92748e33d2a33fc7121d634' author='Namita' rev='1061' date='1627729658.0-19800'><msg>Added check to hide RigName from shell script monitor.</msg><file>rc-server/src/main/java/com/sigmastream/rc/web/section/MonitorDetailSection.java</file><file>rc-server/src/main/resources/webapp/WEB-INF/jsp/dashboard/monitor/parameters.jsp</file><file>rc-server/src/main/resources/webapp/js/dashboard/content.js</file><parents></parents></changeset>
<changeset node='b9165e32e572d3dbc9861c34f09eb5a9749d93a8' author='Namita' rev='1062' date='1627731754.0-19800'><msg>Fixed YhConfiguration screen loading issue.</msg><file>rc-server/src/main/resources/webapp/WEB-INF/jsp/yhconfiguration/content.jsp</file><file>rc-server/src/main/resources/webapp/js/yhconfiguration/content.js</file><parents></parents></changeset>
<changeset node='a1c4d406a2d91c4661f1370d1378ffaca8dc008f' author='Namita' rev='1063' date='1627736276.0-19800'><msg>Fixed DataPush payload issue while configurong well due to UUID change
Added logname in channel c=alert payload</msg><file>rc-server/src/main/java/com/sigmastream/rc/json/data/EventListener.java</file><file>rc-server/src/main/java/com/sigmastream/rc/operator/manager/IOTOperatorManager.java</file><file>rc-server/src/main/java/com/sigmastream/rc/utils/DatabaseOperations.java</file><file>rc-yellowhammer-monitor/src/main/java/com/sigmastream/rc/yellowhammer/monitor/validator/ChannelDataChecker.java</file><parents></parents></changeset>
<changeset node='796003249b118ad6e6b4679bbb8dc32f34d2cc8c' author='Namita' rev='1064' date='1627883657.0-19800'><msg>Fixed issue of unable to remove log from name
fixed issue of not hiding RigName from shellscript monitor while new added it
getting alert without message while starting monitor in RC and device in YH
Not getting alert while same mnemonic available in multiple log and log name is not configured in channel monitor</msg><file>rc-server/src/main/resources/webapp/js/dashboard/content.js</file><file>rc-server/src/main/resources/webapp/js/section/yhmonitor.js</file><parents></parents></changeset>
<changeset node='afbf266b795a70ea1d3ecdf86f36b82e85725aa1' author='Namita' rev='1065' date='1627883700.0-19800'><msg>Committed remained file</msg><file>rc-yellowhammer-monitor/src/main/java/com/sigmastream/rc/yellowhammer/connection/YhMessageHandler.java</file><file>rc-yellowhammer-monitor/src/main/java/com/sigmastream/rc/yellowhammer/monitor/validator/ChannelDataChecker.java</file><parents></parents></changeset>
<changeset node='d4f2523f8fe1ee8bf2e224c11b517de8f4102f31' author='Namita' rev='1066' date='1627902660.0-19800'><msg>set initial delay in channel data checker timer.
Added validation on Log Name.</msg><file>rc-yellowhammer-monitor/src/main/java/com/sigmastream/rc/yellowhammer/monitor/YellowHammerMonitor.java</file><parents></parents></changeset>
<changeset node='5fd46091a5254bc2d2c813c1d4a0458bc9f42595' author='Namita' rev='1067' date='1627902828.0-19800'><msg>Committed missing file to add validation for LogName</msg><file>rc-server/src/main/resources/webapp/js/section/yhmonitor.js</file><parents></parents></changeset>
<changeset node='bd2faa117ffaedb372a7ecff72ef83bbd4d8d21c' author='Namita' rev='1068' date='1627902906.0-19800'><msg>Modified logName label.</msg><file>rc-server/src/main/resources/webapp/js/section/yhmonitor.js</file><parents></parents></changeset>
<changeset node='fb5460f802f0b19bef2d3410ec526f14228e8db8' author='Namita' rev='1069' date='1627904332.0-19800'><msg>Added message and code for 729 and 730 in property file.</msg><file>build/server/i18n/label_en.properties</file><file>build/server/i18n/message_en.properties</file><parents></parents></changeset>
<changeset node='9b61be52c17078453b1ddf68dd5d0bc9b63f769d' author='Namita' rev='1070' date='1627990095.0-19800'><msg>Device name should be mandatory in channel monitor configuration
Added implementation to print/generate customise message
Added flag to send INFO messages</msg><file>rc-server/src/main/java/com/sigmastream/rc/utils/DatabaseOperations.java</file><file>rc-shellscript-monitor/src/main/java/com/sigmastream/rc/shellscript/monitor/ProcessRunner.java</file><parents></parents></changeset>
<changeset node='af189fd5ef9c6e08e914bb1f8f2b067735a17756' author='Namita' rev='1071' date='1627990123.0-19800'><msg>Device name should be mandatory in channel monitor configuration</msg><file>rc-server/src/main/resources/webapp/js/section/yhmonitor.js</file><parents></parents></changeset>
<changeset node='d1768f4bccad84854e9ff5dcc2ec69e7e078a2c0' author='Namita' rev='1072' date='1628002749.0-19800'><msg>Fixed issue of Rig Name validation while adding new shellscript monitor.</msg><file>rc-server/src/main/resources/webapp/js/dashboard/content.js</file><parents></parents></changeset>
<changeset node='a71013f9976c5e9ea9e0a534c0dff3b751cdc834' author='Namita' rev='1073' date='1628085097.0-19800'><msg>Fixed issue of displaying and saving breakable string in case of double quotes in config property params.
Added Log at global level for channel monitor</msg><file>rc-server/src/main/resources/webapp/WEB-INF/jsp/dashboard/monitor/parameters.jsp</file><file>rc-server/src/main/resources/webapp/js/dashboard/content.js</file><file>rc-server/src/main/resources/webapp/js/section/yhmonitor.js</file><parents></parents></changeset>
<changeset node='c7eeed2fad17648a0211b0eff947b791dacc7dcc' author='Namita' rev='1074' date='1628085161.0-19800'><msg>Handled parameter with double quotes by replacing it with blank to fix FD and Health monitor issue.</msg><file>rc-shellscript-monitor/src/main/java/com/sigmastream/rc/shellscript/monitor/ProcessRunner.java</file><parents></parents></changeset>
<changeset node='fbc7ba18159222cea76aea8ef5b648091a576104' author='Namita' rev='1075' date='1628088327.0-19800'><msg>Removed extra logs from server flow.</msg><file>rc-server/src/main/java/com/sigmastream/rc/json/data/MonitorData.java</file><file>rc-server/src/main/java/com/sigmastream/rc/operator/manager/IOTOperatorManager.java</file><file>rc-server/src/main/java/com/sigmastream/rc/utils/DatabaseOperations.java</file><parents></parents></changeset>
<changeset node='3a5ed61eb125255f769a4546b5ccfde1fbe032a2' author='Namita' rev='1076' date='1628145260.0-19800'><msg>Added NPE check while processing active channels.
Removed extra logs.</msg><file>rc-yellowhammer-monitor/src/main/java/com/sigmastream/rc/yellowhammer/connection/YhConnection.java</file><file>rc-yellowhammer-monitor/src/main/java/com/sigmastream/rc/yellowhammer/event/handler/DeviceEventHandler.java</file><file>rc-yellowhammer-monitor/src/main/java/com/sigmastream/rc/yellowhammer/monitor/validator/ChannelDataChecker.java</file><file>rc-yellowhammer-monitor/src/main/java/com/sigmastream/rc/yellowhammer/monitor/validator/DeviceDataChecker.java</file><parents></parents></changeset>
<changeset node='1b1a47bf574927eea4251aa3846bdf918d22dfe5' author='Namita' rev='1077' date='1628171680.0-19800'><msg>Added logging for troubleshooting
Hanled Shellscript message parsing.</msg><file>rc-server/src/main/java/com/sigmastream/rc/json/data/EventListener.java</file><file>rc-server/src/main/java/com/sigmastream/rc/json/data/MonitorData.java</file><file>rc-server/src/main/java/com/sigmastream/rc/utils/DatabaseOperations.java</file><file>rc-shellscript-monitor/src/main/java/com/sigmastream/rc/shellscript/monitor/ProcessRunner.java</file><parents></parents></changeset>
<changeset node='f2af97e72c6f4bd2a4074001de277b085468f735' author='suresh' rev='1078' date='1628501824.0-19800'><msg>Added support to highlight and sorting the Mnemonic with enable aspect.</msg><file>rc-server/src/main/resources/webapp/js/dashboard/content.js</file><file>rc-server/src/main/resources/webapp/js/section/yhmonitor.js</file><parents></parents></changeset>
<changeset node='e875c16b17eded89b16c1d46a244003f90060d4d' author='suresh' rev='1079' date='1628510785.0-19800'><msg>Add suport to sort agent by status</msg><file>rc-server/src/main/resources/webapp/js/section/treeview.js</file><parents></parents></changeset>
<changeset node='883faec0f0ccef9d0f4f6f1a38419f0ea1ce1b66' author='Namita' rev='1080' date='1628512015.0-19800'><msg>Handled the SSL certificate creation when unable to make Secure connection due to Keyword error.</msg><file>rc-agent/src/main/java/com/sigmastream/rc/utils/SSLCertificateHandler.java</file><file>rc-server/src/main/java/com/sigmastream/rc/utils/SSLCertificateHandler.java</file><file>rc-yellowhammer-monitor/src/main/java/com/sigmastream/rc/yellowhammer/utils/SSLCertificateHandler.java</file><parents></parents></changeset>
<changeset node='824441c9a25888019264b84b6e31141ac35c199e' author='Namita' rev='1081' date='1628512920.0-19800'><msg>Changed event type to Resolve if application is restarted in health check monitor.</msg><file>rc-server/src/main/java/com/sigmastream/rc/json/data/EventListener.java</file><file>rc-server/src/main/java/com/sigmastream/rc/utils/DatabaseOperations.java</file><parents></parents></changeset>
<changeset node='f50edfea0fda592d04a0164c1734d01c8ea0b6f9' author='Namita' rev='1082' date='1628602934.0-19800'><msg>Clear certificate cache on creating new certificate in case of getting SSL exception
Considered Restarted state of shell script monitor as Alert
Fixed issue with unsubcribe reuest parsing.</msg><file>rc-agent/src/main/java/com/sigmastream/rc/utils/SSLCertificateHandler.java</file><file>rc-server/src/main/java/com/sigmastream/rc/json/data/EventListener.java</file><file>rc-server/src/main/java/com/sigmastream/rc/utils/SSLCertificateHandler.java</file><file>rc-shellscript-monitor/src/main/java/com/sigmastream/rc/shellscript/monitor/ProcessRunner.java</file><file>rc-yellowhammer-monitor/src/main/java/com/sigmastream/rc/yellowhammer/connection/YhCache.java</file><file>rc-yellowhammer-monitor/src/main/java/com/sigmastream/rc/yellowhammer/utils/SSLCertificateHandler.java</file><file>rc-yellowhammer-monitor/src/main/java/com/sigmastream/rc/yellowhammer/wsocket/MessageHandler.java</file><parents></parents></changeset>
</changesets>